headerInfo,defaultInfo,statusInfo,juso,review,etcInfo,foodDetailTypes,_links
"{'nameKR': '홍보각', 'nameEN': '', 'nameCN': '紅寶閣', 'nickname': '', 'year': '2025', 'bookYear': '2025', 'ribbonType': 'RIBBON_THREE', 'ribbonTypeByOrdinal': 0}","{'chefName': '여경래', 'website': '', 'websiteInstagram': 'https://www.instagram.com/hongbogak_official/', 'websiteFacebook': '', 'phone': '02-531-6479', 'openHours': '', 'closeHours': '', 'openHoursWeekend': '', 'closeHoursWeekend': '', 'dayOff': '연중무휴', 'app2Yn': True}","{'storeType': 'NOT', 'parking': '가능', 'creditCard': 'y', 'visit': '', 'menu': '스페셜코스(1인 15만원), 디너코스(A 12만원, B 16만원), 고법불도장(13만원), 모자새우(소 6만원, 대 10만원), 한알탕수육(소 4만8천원, 대 7만원), 특선냉채(2만8천원), 셰프특선수프(3만8천원), 셰프스페셜송이특찜(15만원)', 'priceRange': '10~15만원대', 'openDate': '2007', 'businessHours': '12:00~15:00/18:00~21:30(마지막 주문 20:00) ', 'openEra': '', 'newOpenDate': '2007년 '}","{'detailAddress': '노보텔앰배서더강남서울 LL층', 'roadAddrPart1': '서울특별시 강남구 봉은사로 130', 'roadAddrPart2': ' (역삼동)', 'jibunAddr': '서울특별시 강남구 역삼동 603 노보텔 앰배서더 강남 서울', 'engAddr': '130 Bongeunsa-ro, Gangnam-gu, Seoul', 'zipNo': '06124', 'admCd': '1168010100', 'detBdNmList': '', 'bdNm': '노보텔 앰배서더 강남 서울', 'siNm': '서울특별시', 'sggNm': '강남구', 'emdNm': '역삼동', 'liNm': '', 'rn': '동호로', 'buldMnnm': '130', 'buldSlno': '0', 'zone2_1': '서울 강남', 'zone2_2': '10. 강남역', 'map_1': '서울 강남지역', 'map_2': 'm. 교보타워사거리-강남역-뱅뱅사거리'}","{'review': '국내 중식의 대가인 여경래 셰프가 2023년 이전하여 오픈한 중식 파인 다이닝 레스토랑. 고급스러운 분위기의 인테리어에서 정통 중식을 맛볼 수 있다. 여경래 셰프의 시그니처 메뉴인 불도장, 모자새우 등을 선보인다.', 'reviewSimple': '국내 중식의 대가인 여경래 셰프가 2023년 이전하여 오픈한 중식 파인 다이닝 레스토랑. 고급스러운 분위기의 인테리어에서 정통 중식을 맛볼 수 있다. 여경래 셰프의 시그니처 메뉴인 불도장, 모자새우 등을 선보인다.', 'readerAppraisal': '', 'readerReview': '', 'businessReview': '', 'editorReview': ''}","{'interior': '', 'seat': '64', 'room': '6개(2, 3, 4, 6, 8, 12석)', 'toilet': 'ETC', 'toiletEtc': '호텔내 화장실 이용', 'chain': False, 'close': False, 'renewal': False, 'appYn': False, 'projectNo': '6', 'reviewerRecommend': False, 'onlySiteView': False, 'head': '', 'branch': '', 'history': '', 'mainMemo': '240712_메뉴 수정, 가격 수정\r\n230627_주소변경 서울특별시 중구 장충동2가 186-54 그랜드앰배서더서울-->서울특별시 강남구 역삼동 603 노보텔 앰배서더 강남 서울\r\n220125_폐점 처리\r\n200701_메뉴가격수정, 전화번호 변경(02-2270-3141 > 02-2270-3223)\r\n200130_앰배서더호텔 화재로 당분간 영업 중지\r\n180713_운영 시간 수정 (14:00->14:30), 마지막 주문 정보 추가\r\n160519_빌딩명 추가 - 그랜드앰배서더서울 호텔 2층\r\n130619- 리모델링해서 오늘 오픈함'}",['일반중식'],"{'self': {'href': 'http://www.bluer.co.kr/api/v1/restaurants/4627'}, 'restaurant': {'href': 'http://www.bluer.co.kr/api/v1/restaurants/4627{?projection}', 'templated': True}, 'childrenRestaurants': {'href': 'http://www.bluer.co.kr/api/v1/restaurants/4627/childrenRestaurants{?projection}', 'templated': True}, 'evaluates': {'href': 'http://www.bluer.co.kr/api/v1/restaurants/4627/evaluates'}, 'relativeBusinessOrder': {'href': 'http://www.bluer.co.kr/api/v1/restaurants/4627/relativeBusinessOrder'}, 'parentRestaurant': {'href': 'http://www.bluer.co.kr/api/v1/restaurants/4627/parentRestaurant{?projection}', 'templated': True}, 'reports': {'href': 'http://www.bluer.co.kr/api/v1/restaurants/4627/reports'}, 'relativeWriter': {'href': 'http://www.bluer.co.kr/api/v1/restaurants/4627/relativeWriter'}, 'restaurantFeatures': {'href': 'http://www.bluer.co.kr/api/v1/restaurants/4627/restaurantFeatures'}, 'foodTypeCategories': {'href': 'http://www.bluer.co.kr/api/v1/restaurants/4627/foodTypeCategories'}}"
"{'nameKR': '쵸이닷', 'nameEN': 'CHOI.', 'nameCN': '', 'nickname': '초이닷, CHOIDOT', 'year': '2025', 'bookYear': '2025', 'ribbonType': 'RIBBON_THREE', 'ribbonTypeByOrdinal': 0}","{'chefName': '최현석', 'website': '', 'websiteInstagram': 'https://www.instagram.com/choidot_official/', 'websiteFacebook': '', 'phone': '02-518-0318', 'openHours': '12:00', 'closeHours': '22:30', 'openHoursWeekend': '', 'closeHoursWeekend': '', 'dayOff': '연중무휴', 'app2Yn': False}","{'storeType': 'NOT', 'parking': '가능', 'creditCard': 'y', 'visit': '청담사거리 앞. 버버리코리아 옆 건물', 'menu': '런치코스(3코스 7만8천원, 4코스 9만8천원), 디너코스(19만8천원), 와인리스트(변동)', 'priceRange': '15~25만원대', 'openDate': '20170318', 'businessHours': '12:00~15:00/18:30~22:00 ', 'openEra': '', 'newOpenDate': '2017년 03월 18일'}","{'detailAddress': '앙스돔빌딩 3층', 'roadAddrPart1': '서울특별시 강남구 도산대로 457', 'roadAddrPart2': '(청담동)', 'jibunAddr': '서울특별시 강남구 청담동 98-7 앙스돔빌딩', 'engAddr': '457, Dosan-daero, Gangnam-gu, Seoul', 'zipNo': '06015', 'admCd': '1168010400', 'detBdNmList': '', 'bdNm': '앙스돔빌딩', 'siNm': '서울특별시', 'sggNm': '강남구', 'emdNm': '청담동', 'liNm': '', 'rn': '', 'buldMnnm': '457', 'buldSlno': '0', 'zone2_1': '서울 강남', 'zone2_2': '03. 청담동/강남구청역', 'map_1': '서울 강남지역', 'map_2': 'e. 압구정로데오-청담사거리'}","{'review': '최현석 셰프의 크리에이티브한 요리를 즐길 수 있는 레스토랑. 분자요리와 이탈리아 요리를 기반으로 한 창의적인 요리가 코스로 나온다. 생각지 못한 재기발랄한 플레이팅은 자칫 엄숙하게 느껴질 수 있는 파인다이닝에 위트로 작용한다. 메뉴는 계절이나 재료에 맞춰 주기적으로 바뀌며 요리에 걸맞은 와인을 곁들이는 와인페어링도 추천한다. ', 'reviewSimple': '최현석 셰프의 크리에이티브한 요리를 즐길 수 있는 레스토랑. 분자요리와 이탈리아 요리를 기반으로 한 창의적인 요리가 코스로 나온다. 생각지 못한 재기발랄한 플레이팅은 자칫 엄숙하게 느껴질 수 있는 파인다이닝에 위트로 작용한다. 메뉴는 계절이나 재료에 맞춰 주기적으로 바뀌며 요리에 걸맞은 와인을 곁들이는 와인페어링도 추천한다.', 'readerAppraisal': '“어디까지 발전할 수 있을지 진심으로 기대되는 곳.” “음식 너무나 재밌었어요.”', 'readerReview': '', 'businessReview': '', 'editorReview': ''}","{'interior': '', 'seat': '', 'room': '', 'toilet': None, 'toiletEtc': '', 'chain': False, 'close': False, 'renewal': False, 'appYn': False, 'projectNo': '', 'reviewerRecommend': False, 'onlySiteView': False, 'head': '', 'branch': '', 'history': '', 'mainMemo': '240906_메뉴 내용 수정 \r\n240703_가격 수정, 리뷰 수정: ""2024년 2월 1일부터 3월 중순까지는 리뉴얼 작업으로 휴무""-->삭제\r\n230908_메뉴 수정\r\n200619_메뉴가격 수정, 웹사이트 운영X 삭제(http://www.choidot.co.kr)\r\n200509_최근에 다시 오픈하고 이탈리아 요리를 기본으로 함\r\n200207_폐업'}","['이노베이티브퀴진', '분자요리', '이탈리아식']","{'self': {'href': 'http://www.bluer.co.kr/api/v1/restaurants/29083'}, 'restaurant': {'href': 'http://www.bluer.co.kr/api/v1/restaurants/29083{?projection}', 'templated': True}, 'childrenRestaurants': {'href': 'http://www.bluer.co.kr/api/v1/restaurants/29083/childrenRestaurants{?projection}', 'templated': True}, 'evaluates': {'href': 'http://www.bluer.co.kr/api/v1/restaurants/29083/evaluates'}, 'relativeBusinessOrder': {'href': 'http://www.bluer.co.kr/api/v1/restaurants/29083/relativeBusinessOrder'}, 'parentRestaurant': {'href': 'http://www.bluer.co.kr/api/v1/restaurants/29083/parentRestaurant{?projection}', 'templated': True}, 'reports': {'href': 'http://www.bluer.co.kr/api/v1/restaurants/29083/reports'}, 'relativeWriter': {'href': 'http://www.bluer.co.kr/api/v1/restaurants/29083/relativeWriter'}, 'restaurantFeatures': {'href': 'http://www.bluer.co.kr/api/v1/restaurants/29083/restaurantFeatures'}, 'foodTypeCategories': {'href': 'http://www.bluer.co.kr/api/v1/restaurants/29083/foodTypeCategories'}}"
"{'nameKR': '더그린테이블', 'nameEN': 'The Green Table', 'nameCN': '', 'nickname': '더 그린테이블', 'year': '2025', 'bookYear': '2025', 'ribbonType': 'RIBBON_THREE', 'ribbonTypeByOrdinal': 0}","{'chefName': '김은희', 'website': 'http://thegreentable.co.kr/', 'websiteInstagram': 'https://www.instagram.com/restaurant_thegreentable/', 'websiteFacebook': '', 'phone': '02-591-2672', 'openHours': '', 'closeHours': '', 'openHoursWeekend': '', 'closeHoursWeekend': '', 'dayOff': '월, 화요일, 명절 휴무', 'app2Yn': False}","{'storeType': 'NOT', 'parking': '가능', 'creditCard': 'y', 'visit': '안국역 3번 출구에서 직진 후 아라리오 뮤지엄 5층에 위치', 'menu': '런치코스(17만원), 디너코스(27만원), 와인페어링(변동)', 'priceRange': '15~25만원대', 'openDate': '20091114', 'businessHours': '12:00~15:00/18:00~22:00 | 일요일 12:00~15:00/18:00~21:30 ', 'openEra': '', 'newOpenDate': '2009년 11월 14일'}","{'detailAddress': '아라리오 뮤지엄 5층', 'roadAddrPart1': '서울특별시 종로구 율곡로 83', 'roadAddrPart2': ' (원서동)', 'jibunAddr': '서울특별시 종로구 원서동 219', 'engAddr': '83 Yulgok-ro, Jongno-gu, Seoul', 'zipNo': '03058', 'admCd': '1111014900', 'detBdNmList': '', 'bdNm': '', 'siNm': '서울특별시', 'sggNm': '종로구', 'emdNm': '원서동', 'liNm': '', 'rn': '', 'buldMnnm': '83', 'buldSlno': '0', 'zone2_1': '서울 강북', 'zone2_2': '12. 삼청동/안국동/북촌', 'map_1': '서울 강북지역', 'map_2': 'L. 삼청동-북촌'}","{'review': '김은희 셰프가 운영하는 프렌치 레스토랑. 사계절에 따라 변화하는 우리나라 식재료로 만든 프렌치 요리를 선보인다. 제철 나물, 곡물, 생선, 해산물 등을 활용한 요리에서 변화하는 식재료의 다채로움을 즐길 수 있다. 2023년 10월 원서동 아라리오 뮤지엄 인 스페이스 건물로 이전하여 새로운 모습을 보여줄 예정이다.', 'reviewSimple': '김은희 셰프가 운영하는 프렌치 레스토랑. 사계절에 따라 변화하는 우리나라 식재료로 만든 프렌치 요리를 선보인다. 제철 나물, 곡물, 생선, 해산물 등을 활용한 요리에서 변화하는 식재료의 다채로움을 즐길 수 있다. 2023년 10월 원서동 아라리오 뮤지엄 인 스페이스 건물로 이전하여 새로운 모습을 보여줄 예정이다.', 'readerAppraisal': '“음식의 결 하나하나에서 섬세한 정성이 듬뿍 느껴진다. 신선한 재료들이 훌륭하게 조화를 이룬다.” “가격 대비 양과 질이 훌륭합니다. 2인 예약을 하면 별실도 가능한데, 프라이빗하고 편안한 분위기입니다.” “분위기도 너무 좋았고 맛도 클래식한 게 맘에 들었습니다.”', 'readerReview': '', 'businessReview': '', 'editorReview': ''}","{'interior': '', 'seat': '', 'room': '', 'toilet': None, 'toiletEtc': '', 'chain': False, 'close': False, 'renewal': False, 'appYn': False, 'projectNo': '', 'reviewerRecommend': False, 'onlySiteView': False, 'head': '', 'branch': '', 'history': '', 'mainMemo': '240705_가격 수정\r\n230925_주소 이전(서울특별시 강남구 선릉로155길 13-->서울 종로구 율곡로 83 4층\r\n230629_디너 가격 변경, 인스타 계정 추가 \r\n230419_인스타그램 비공개 계정으로 삭제(https://www.instagram.com/the_greentable/)\r\n210712_메뉴 가격 변경, 휴무일 변경, 영업시간 변경, 가격대 변경\r\n200608_메뉴가격 변경, 영업시간, 휴일변경\r\n160927_내부수리중으로 전화연결불가, 정보부족\r\n160912_9월 중 이전 오픈'}",['프랑스식'],"{'self': {'href': 'http://www.bluer.co.kr/api/v1/restaurants/28946'}, 'restaurant': {'href': 'http://www.bluer.co.kr/api/v1/restaurants/28946{?projection}', 'templated': True}, 'childrenRestaurants': {'href': 'http://www.bluer.co.kr/api/v1/restaurants/28946/childrenRestaurants{?projection}', 'templated': True}, 'evaluates': {'href': 'http://www.bluer.co.kr/api/v1/restaurants/28946/evaluates'}, 'relativeBusinessOrder': {'href': 'http://www.bluer.co.kr/api/v1/restaurants/28946/relativeBusinessOrder'}, 'parentRestaurant': {'href': 'http://www.bluer.co.kr/api/v1/restaurants/28946/parentRestaurant{?projection}', 'templated': True}, 'reports': {'href': 'http://www.bluer.co.kr/api/v1/restaurants/28946/reports'}, 'relativeWriter': {'href': 'http://www.bluer.co.kr/api/v1/restaurants/28946/relativeWriter'}, 'restaurantFeatures': {'href': 'http://www.bluer.co.kr/api/v1/restaurants/28946/restaurantFeatures'}, 'foodTypeCategories': {'href': 'http://www.bluer.co.kr/api/v1/restaurants/28946/foodTypeCategories'}}"
"{'nameKR': '명월관', 'nameEN': '', 'nameCN': '', 'nickname': '그랜드워커힐서울명월관, 비스타워커힐서울명월관', 'year': '2025', 'bookYear': '2025', 'ribbonType': 'RIBBON_THREE', 'ribbonTypeByOrdinal': 0}","{'chefName': '', 'website': 'https://www.walkerhill.com/grandwalkerhillseoul/dining/Myongwolgwan', 'websiteInstagram': '', 'websiteFacebook': '', 'phone': '02-6330-9050', 'openHours': '', 'closeHours': '', 'openHoursWeekend': '', 'closeHoursWeekend': '', 'dayOff': '연중무휴', 'app2Yn': True}","{'storeType': 'NOT', 'parking': '가능', 'creditCard': 'y', 'visit': '광장동 쉐라톤그랜드워커힐 내', 'menu': '생등심(180g 9만8천원), 생갈비(160g 11만3천원), 한우육회(150g 6만원), 한우모둠주물럭생갈비(160g 8만5천원), 숯불불고기(200g 5만1천원), 점심특선(12만원), 한우등심정식(17만9천원), 양념갈비정식(15만5천원), 갈비탕(3만7천원), 한우갈비탕(4만2천원), 맡김차림(35만원, 50만원, 70만원)', 'priceRange': '15~25만원대', 'openDate': '1982', 'businessHours': '12:00~15:00/17:30~21:00 ', 'openEra': '', 'newOpenDate': '1982년 '}","{'detailAddress': '쉐라톤그랜드워커힐호텔', 'roadAddrPart1': '서울특별시 광진구 워커힐로 177', 'roadAddrPart2': '(광장동)', 'jibunAddr': '서울특별시 광진구 광장동 22-1 워커힐호텔', 'engAddr': '177, Walkerhill-ro, Gwangjin-gu, Seoul', 'zipNo': '04963', 'admCd': '1121510400', 'detBdNmList': '', 'bdNm': '워커힐호텔', 'siNm': '서울특별시', 'sggNm': '광진구', 'emdNm': '광장동', 'liNm': '', 'rn': '워커힐로', 'buldMnnm': '177', 'buldSlno': '0', 'zone2_1': '서울 강북', 'zone2_2': '33. 건대입구/광진구', 'map_1': '서울 강북지역', 'map_2': 'AI. 광나루역'}","{'review': '워커힐호텔 내 한옥 분위기의 별채로 있는, 주변 경치가 아름다운 숯불구이 전문점. 좋은 참숯에 구워 먹는 고기의 질도 훌륭하다. 된장 양념으로 맛을 낸 장향갈비가 인기. 식사 메뉴인 한우갈비탕 맛이 좋기로 유명하다. 별채에서는 한우 맡김차림으로 진행된다.', 'reviewSimple': '워커힐호텔 내 한옥 분위기의 별채로 있는, 주변 경치가 아름다운 숯불구이 전문점. 좋은 참숯에 구워 먹는 고기의 질도 훌륭하다. 식사 메뉴인 한우갈비탕 맛이 좋기로 유명하다. 별채의 대령숙수와 진귀15품 메뉴는 한우 오마카세로 진행된다.', 'readerAppraisal': '', 'readerReview': '워커힐 호텔에서 운영하는 고깃집이다. 호텔 내 별도의 공간에 위치하여 주변 운치가 아름답고 주차시설도 편리하다. 마블링이 제대로 박힌 고기를 참숯에 구워 한 입 물면 입에서 살살 녹는다. 갈비탕 또한 아주 유명한 집이다.', 'businessReview': '', 'editorReview': ''}","{'interior': '', 'seat': '300', 'room': '4개', 'toilet': None, 'toiletEtc': '', 'chain': False, 'close': False, 'renewal': False, 'appYn': False, 'projectNo': '6', 'reviewerRecommend': False, 'onlySiteView': False, 'head': '', 'branch': '', 'history': '200713_명월관은 궁중 연회 요리를 도맡았던 안순환이 1909년 서울 광화문 현 동아일보 자리에 개업했다. 1918년 화재가 난 뒤 여러 번 주인이 바뀌었다가 1963년 워커힐 호텔로 편입됐고 지금의 숯불갈비집으로 모습을 바꿨다.', 'mainMemo': '241213_메뉴, 리뷰 수정\r\n240913_전화번호 수정\r\n240712_메뉴, 가격 수정\r\n210802_영업시간 수정, 메뉴 정보 수정\r\n210519_재개장\r\n200724_레노베이션 공사로 6.1~9.30까지 휴무. \r\n180724_가격 수정'}","['소갈비', '소고기구이', '한우오마카세']","{'self': {'href': 'http://www.bluer.co.kr/api/v1/restaurants/4963'}, 'restaurant': {'href': 'http://www.bluer.co.kr/api/v1/restaurants/4963{?projection}', 'templated': True}, 'childrenRestaurants': {'href': 'http://www.bluer.co.kr/api/v1/restaurants/4963/childrenRestaurants{?projection}', 'templated': True}, 'evaluates': {'href': 'http://www.bluer.co.kr/api/v1/restaurants/4963/evaluates'}, 'relativeBusinessOrder': {'href': 'http://www.bluer.co.kr/api/v1/restaurants/4963/relativeBusinessOrder'}, 'parentRestaurant': {'href': 'http://www.bluer.co.kr/api/v1/restaurants/4963/parentRestaurant{?projection}', 'templated': True}, 'reports': {'href': 'http://www.bluer.co.kr/api/v1/restaurants/4963/reports'}, 'relativeWriter': {'href': 'http://www.bluer.co.kr/api/v1/restaurants/4963/relativeWriter'}, 'restaurantFeatures': {'href': 'http://www.bluer.co.kr/api/v1/restaurants/4963/restaurantFeatures'}, 'foodTypeCategories': {'href': 'http://www.bluer.co.kr/api/v1/restaurants/4963/foodTypeCategories'}}"
"{'nameKR': '콘티넨탈', 'nameEN': 'Continental', 'nameCN': '', 'nickname': '컨티넨탈,라컨티넨탈,라콘티넨탈', 'year': '2025', 'bookYear': '2025', 'ribbonType': 'RIBBON_THREE', 'ribbonTypeByOrdinal': 0}","{'chefName': '', 'website': 'https://www.shilla.net/seoul/dining/viewDining.do?contId=FRC#ad-image-0', 'websiteInstagram': '', 'websiteFacebook': '', 'phone': '02-2230-3369 ', 'openHours': '', 'closeHours': '', 'openHoursWeekend': '', 'closeHoursWeekend': '', 'dayOff': '연중무휴', 'app2Yn': False}","{'storeType': 'NOT', 'parking': '가능', 'creditCard': 'y', 'visit': '동대입구역 5번출구로 나오면 장충동 신라호텔 23층', 'menu': '런치코스(3코스 12만원, 4코스 14만원, 5코스 15만5천원), 디너코스(30만원)', 'priceRange': '25만원 이상', 'openDate': '198507', 'businessHours': '12:00~14:30/17:30~21:30 ', 'openEra': '', 'newOpenDate': '1985년 07월 '}","{'detailAddress': '서울신라호텔 23층', 'roadAddrPart1': '서울특별시 중구 동호로 249', 'roadAddrPart2': '(장충동2가)', 'jibunAddr': '서울특별시 중구 장충동2가 202', 'engAddr': '249, Dongho-ro, Jung-gu, Seoul', 'zipNo': '04605', 'admCd': '1114014400', 'detBdNmList': '', 'bdNm': '', 'siNm': '서울특별시', 'sggNm': '중구', 'emdNm': '장충동2가', 'liNm': '', 'rn': '동호로', 'buldMnnm': '249', 'buldSlno': '0', 'zone2_1': '서울 강북', 'zone2_2': '15. 장충동/약수동/신당동/황학동', 'map_1': '서울 강북지역', 'map_2': 'V. 장충동-약수동'}","{'review': '정통 유럽 스타일의 프렌치 레스토랑으로, 40여 년의 역사를 자랑하는, 서울에서 오래된 프렌치 레스토랑으로 손꼽힌다. 국내와 전 세계 각국에서 구한 신선한 제철 식재료로 최상의 요리를 선보인다. 남산의 전경이 한눈에 보이는 전망이 훌륭하다.', 'reviewSimple': '정통 유럽 스타일의 프렌치 레스토랑으로, 40여 년의 역사를 자랑하는, 서울에서 오래된 프렌치 레스토랑으로 손꼽힌다. 국내와 전 세계 각국에서 구한 신선한 제철 식재료로 최상의 요리를 선보인다. 남산의 전경이 한눈에 보이는 전망이 훌륭하다.', 'readerAppraisal': '“최고의 레스토랑이다.” “분위기가 상당히 모던하고 세련된 느낌. 재료의 질이 최상급이었고 서비스도 좋았다. 특히 소고기와 캐비아는 최고!!” “my finest restaurant. 특별한 날 함께 하고 싶은 사람과 이곳에서 함께 한다면 화룡점정. 가격이 매우 비싸나, 그 값은 한다. 전망도 매우 좋고, 물론 신라호텔 특유의 친절함이 있다.” “들어가면서 넓은 분위기에 압도당하고, 좋은 경치에 감탄하고, 섬세한 조리솜씨와 맛에 ‘아’ 소리가 나온 후, 계산서를 받아들면 ‘기절’하는 레스토랑.” “와인 메뉴에 좀 더 글라스 와인을 추가했으면 하는 바람이었다.”', 'readerReview': '', 'businessReview': '', 'editorReview': ''}","{'interior': '클래식한 유럽풍', 'seat': '70석', 'room': '1개', 'toilet': None, 'toiletEtc': '', 'chain': False, 'close': False, 'renewal': False, 'appYn': False, 'projectNo': '', 'reviewerRecommend': False, 'onlySiteView': False, 'head': '', 'branch': '', 'history': '', 'mainMemo': '240905_연결 웹사이트 변경\r\n240708_메뉴 수정\r\n230905_영업시간 수정\r\n220124_중복되는 id26021의 내용 옮기고 노출 활성화 시킴. 26021은 불합격처리\r\n200707_메뉴가격수정, 영업시간수정\r\n121210_2013년 1월 초부터 6개월 이상 리노베이션 공사에 들어갈 예정이다.\r\n'}",['프랑스식'],"{'self': {'href': 'http://www.bluer.co.kr/api/v1/restaurants/859'}, 'restaurant': {'href': 'http://www.bluer.co.kr/api/v1/restaurants/859{?projection}', 'templated': True}, 'childrenRestaurants': {'href': 'http://www.bluer.co.kr/api/v1/restaurants/859/childrenRestaurants{?projection}', 'templated': True}, 'evaluates': {'href': 'http://www.bluer.co.kr/api/v1/restaurants/859/evaluates'}, 'relativeBusinessOrder': {'href': 'http://www.bluer.co.kr/api/v1/restaurants/859/relativeBusinessOrder'}, 'parentRestaurant': {'href': 'http://www.bluer.co.kr/api/v1/restaurants/859/parentRestaurant{?projection}', 'templated': True}, 'reports': {'href': 'http://www.bluer.co.kr/api/v1/restaurants/859/reports'}, 'relativeWriter': {'href': 'http://www.bluer.co.kr/api/v1/restaurants/859/relativeWriter'}, 'restaurantFeatures': {'href': 'http://www.bluer.co.kr/api/v1/restaurants/859/restaurantFeatures'}, 'foodTypeCategories': {'href': 'http://www.bluer.co.kr/api/v1/restaurants/859/foodTypeCategories'}}"
"{'nameKR': '밍글스', 'nameEN': 'Mingles', 'nameCN': '', 'nickname': '', 'year': '2025', 'bookYear': '2025', 'ribbonType': 'RIBBON_THREE', 'ribbonTypeByOrdinal': 0}","{'chefName': '강민구', 'website': 'http://www.restaurant-mingles.com', 'websiteInstagram': 'https://www.instagram.com/mingles_restaurant/', 'websiteFacebook': '', 'phone': '02-515-7306', 'openHours': '', 'closeHours': '', 'openHoursWeekend': '', 'closeHoursWeekend': '', 'dayOff': '일, 월요일 정기 휴무', 'app2Yn': False}","{'storeType': 'NOT', 'parking': '발레 파킹', 'creditCard': 'y', 'visit': '학동사거리에서 압구정로데오역 방향으로 직진. 버거킹에서 우회전 후 커피빈에서 좌회전', 'menu': '런치코스(28만원), 디너코스(34만원), 전통주페어링(17만원), 시그니처페어링(28만원)', 'priceRange': '25만원 이상', 'openDate': '20140505', 'businessHours': '12:00~15:00/18:00~22:00 ', 'openEra': '', 'newOpenDate': '2014년 05월 05일'}","{'detailAddress': '힐탑빌딩 2층', 'roadAddrPart1': '서울특별시 강남구 도산대로67길 19', 'roadAddrPart2': '(청담동)', 'jibunAddr': '서울특별시 강남구 청담동 94-6', 'engAddr': '19, Dosan-daero 67-gil, Gangnam-gu, Seoul', 'zipNo': '06016', 'admCd': '1168010400', 'detBdNmList': '', 'bdNm': '', 'siNm': '서울특별시', 'sggNm': '강남구', 'emdNm': '청담동', 'liNm': '', 'rn': '선릉로', 'buldMnnm': '19', 'buldSlno': '0', 'zone2_1': '서울 강남', 'zone2_2': '03. 청담동/강남구청역', 'map_1': '서울 강남지역', 'map_2': 'e. 압구정로데오-청담사거리'}","{'review': '국내외에서 이름을 드높이고 있는 강민구 셰프의 뉴코리안 레스토랑. 사찰음식과 한식 장인에게 전수받은 전통 한식 기법을 현대적으로 재해석한 한식을 맛볼 수 있다. 완벽을 지향하는 육수 내기 등 기본기를 중요시하고 있다. 실내 분위기도 모던하고 쾌적하며 서비스도 나무랄 데 없다. 2020년에 홍콩에 오픈한 한식당 한식구가 큰 인기를 끄는 등 글로벌 셰프로서의 위엄을 보여준다.', 'reviewSimple': '국내외에서 이름을 드높이고 있는 강민구 셰프의 뉴코리안 레스토랑. 사찰음식과 한식 장인에게 전수받은 전통 한식 기법을 현대적으로 재해석한 한식을 맛볼 수 있다. 완벽을 지향하는 육수 내기 등 기본기를 중요시하고 있다. 실내 분위기도 모던하고 쾌적하며 서비스도 나무랄 데 없다. 2020년에 홍콩에 오픈한 한식당 한식구가 큰 인기를 끄는 등 글로벌 셰프로서의 위엄을 보여준다.', 'readerAppraisal': '“창의적인 한식에 심혈을 기울인 느낌.” “제대로 된 뉴코리안을 느낄 수 있는 곳.” “가격 대비 만족도가 높았습니다. 음식마다 고민한 흔적도 보였고요.” “가장 만족할 만한 곳. 가성비 뛰어난 런치는 예약 없이 절대 못 가는 곳이다. 한식 퓨전 요리의 맛 하나하나가 정말 최고다. 엄지 척.” “강민구 셰프님의 음식도 훌륭하지만 밍글스의 서비스 또한 일품이다.” “노부 출신 강민구 셰프의 레스토랑. 한식을 베이스로 하여 그 위에 본인만의 창의적인 스타일을 얹었다.”', 'readerReview': '', 'businessReview': '', 'editorReview': ''}","{'interior': '', 'seat': '', 'room': '', 'toilet': None, 'toiletEtc': '', 'chain': False, 'close': False, 'renewal': False, 'appYn': False, 'projectNo': '', 'reviewerRecommend': False, 'onlySiteView': False, 'head': '', 'branch': '', 'history': '프로필 사진 및 음식 사진: https://drive.google.com/drive/folders/0B-9yvSBlvoc5RWFpZ0otWWMwRGc?resourcekey=0-ngLpujbQLu6ZLa0aQliwnw\r\n\r\n191113_제1회 블루리본 어워드 영셰프 상, 제2회 블루리본어워드 올해의 셰프 상', 'mainMemo': '240913_메뉴 가격 변경\r\n230908_메뉴 수정, 휴무일 수정\r\n220729_휴무일 월요일에서 일요일, 격주 월요일 휴무로 변경\r\n210722_메뉴 가격 수정\r\n200715_메뉴 가격 수정\r\n190619_주소 이전: 강남구 선릉로 757 > 도산대로67길 19\r\n160303_주소 이전: 서울특별시 강남구 청담동  1-23 > 서울 강남구 논현동 94-9 , 찾아가기/gps 수정함'}","['모던한식', '뉴코리안']","{'self': {'href': 'http://www.bluer.co.kr/api/v1/restaurants/27144'}, 'restaurant': {'href': 'http://www.bluer.co.kr/api/v1/restaurants/27144{?projection}', 'templated': True}, 'childrenRestaurants': {'href': 'http://www.bluer.co.kr/api/v1/restaurants/27144/childrenRestaurants{?projection}', 'templated': True}, 'evaluates': {'href': 'http://www.bluer.co.kr/api/v1/restaurants/27144/evaluates'}, 'relativeBusinessOrder': {'href': 'http://www.bluer.co.kr/api/v1/restaurants/27144/relativeBusinessOrder'}, 'parentRestaurant': {'href': 'http://www.bluer.co.kr/api/v1/restaurants/27144/parentRestaurant{?projection}', 'templated': True}, 'reports': {'href': 'http://www.bluer.co.kr/api/v1/restaurants/27144/reports'}, 'relativeWriter': {'href': 'http://www.bluer.co.kr/api/v1/restaurants/27144/relativeWriter'}, 'restaurantFeatures': {'href': 'http://www.bluer.co.kr/api/v1/restaurants/27144/restaurantFeatures'}, 'foodTypeCategories': {'href': 'http://www.bluer.co.kr/api/v1/restaurants/27144/foodTypeCategories'}}"
"{'nameKR': '스와니예', 'nameEN': 'SOIGNÉ', 'nameCN': '', 'nickname': '스와니에', 'year': '2025', 'bookYear': '2025', 'ribbonType': 'RIBBON_THREE', 'ribbonTypeByOrdinal': 0}","{'chefName': '이준', 'website': 'http://soignerestaurantgroup.com', 'websiteInstagram': 'https://www.instagram.com/soigneseoul/', 'websiteFacebook': '', 'phone': '02-3477-9386', 'openHours': '', 'closeHours': '', 'openHoursWeekend': '', 'closeHoursWeekend': '', 'dayOff': '월요일 휴무. 명절 휴무', 'app2Yn': False}","{'storeType': 'NOT', 'parking': '가능(신사스퀘어 주차장 이용)', 'creditCard': 'y', 'visit': '', 'menu': '런치코스(21만원), 디너코스(32만원)', 'priceRange': '25만원 이상', 'openDate': '20131224', 'businessHours': '12:00~15:00/18:00~22:00 (마지막 주문 19:30) ', 'openEra': '', 'newOpenDate': '2013년 12월 24일'}","{'detailAddress': '신사스퀘어 2층', 'roadAddrPart1': '서울특별시 강남구 강남대로 652', 'roadAddrPart2': '(신사동)', 'jibunAddr': '서울특별시 강남구 신사동 504-11 SINSA SQUARE', 'engAddr': '652 Gangnam-daero, Gangnam-gu, Seoul', 'zipNo': '06027', 'admCd': '1168010700', 'detBdNmList': '', 'bdNm': 'SINSA SQUARE', 'siNm': '서울특별시', 'sggNm': '강남구', 'emdNm': '신사동', 'liNm': '', 'rn': '반포대로39길', 'buldMnnm': '652', 'buldSlno': '0', 'zone2_1': '서울 강남', 'zone2_2': '01. 가로수길/신사역', 'map_1': '서울 강남지역', 'map_2': 'a. 신사역-압구정역'}","{'review': '프렌치에 한국적인 요소를 가미한 컨템포러리 레스토랑. 에피소드라는 이름으로 시즌별로 바뀌는 코스는 각각 특별한 주제를 가지고 있어 이준 셰프의 상상력과 표현력을 엿볼 수 있다.', 'reviewSimple': '프렌치에 한국적인 요소를 가미한 컨템포러리 레스토랑. 에피소드라는 이름으로 시즌별로 바뀌는 코스는 각각 특별한 주제를 가지고 있어 이준 셰프의 상상력과 표현력을 엿볼 수 있다. 2023년 2월, 서래마을을 떠나 신사동으로 이전하였다.', 'readerAppraisal': '“와인페어링과 함께하는 만찬은 한편의 뮤지컬같다.” “창의적이고 예술가적 기질이 뛰어난 셰프가 이끄는 레스토랑.” “특히 서비스가 너무나 좋았다.” “한식을 재미있게 스토리를 담아 잘 풀어냈다.” “창의적인 접시라면 바로 스와니예의 접시. 식재료를 재해석하는 것, 담아내는 솜씨 모두 감동적이다.”', 'readerReview': '', 'businessReview': '', 'editorReview': ''}","{'interior': '모던/스타일리시', 'seat': '', 'room': '', 'toilet': None, 'toiletEtc': '', 'chain': False, 'close': False, 'renewal': False, 'appYn': False, 'projectNo': '', 'reviewerRecommend': False, 'onlySiteView': False, 'head': '', 'branch': '', 'history': '', 'mainMemo': '240913_메뉴 가격 수정. 주차 수정. 휴무일 추가. 영업시간 란의 마지막 주문 시간 추가.\r\n240626_메뉴 가격 수정\r\n230210_이전하여 2월 1일 재오픈: 서울특별시 서초구 반포대로39길 46 --> 서울 강남구 강남대로 652 신사스퀘어 2층\r\n230128_이전 준비로 휴무\r\n210722_메뉴 가격 수정, 가격대 수정\r\n200722_메뉴 가격 수정, 영업시간 수정\r\n190730_휴무일 변경: 명절 당일 휴무>크리스마스, 명절 당일 휴무\r\n170816_리뉴얼 끝, 전체적으로 모던하고 깔끔한 느낌의 인테리어\r\n170517_5월말부터 3개월간 리뉴얼'}",['컨템포러리'],"{'self': {'href': 'http://www.bluer.co.kr/api/v1/restaurants/26944'}, 'restaurant': {'href': 'http://www.bluer.co.kr/api/v1/restaurants/26944{?projection}', 'templated': True}, 'childrenRestaurants': {'href': 'http://www.bluer.co.kr/api/v1/restaurants/26944/childrenRestaurants{?projection}', 'templated': True}, 'evaluates': {'href': 'http://www.bluer.co.kr/api/v1/restaurants/26944/evaluates'}, 'relativeBusinessOrder': {'href': 'http://www.bluer.co.kr/api/v1/restaurants/26944/relativeBusinessOrder'}, 'parentRestaurant': {'href': 'http://www.bluer.co.kr/api/v1/restaurants/26944/parentRestaurant{?projection}', 'templated': True}, 'reports': {'href': 'http://www.bluer.co.kr/api/v1/restaurants/26944/reports'}, 'relativeWriter': {'href': 'http://www.bluer.co.kr/api/v1/restaurants/26944/relativeWriter'}, 'restaurantFeatures': {'href': 'http://www.bluer.co.kr/api/v1/restaurants/26944/restaurantFeatures'}, 'foodTypeCategories': {'href': 'http://www.bluer.co.kr/api/v1/restaurants/26944/foodTypeCategories'}}"
"{'nameKR': '다이닝마', 'nameEN': 'DINING MA', 'nameCN': '', 'nickname': '', 'year': '2025', 'bookYear': '2025', 'ribbonType': 'RIBBON_THREE', 'ribbonTypeByOrdinal': 0}","{'chefName': '', 'website': '', 'websiteInstagram': '', 'websiteFacebook': '', 'phone': '02-518-7400', 'openHours': '', 'closeHours': '', 'openHoursWeekend': '', 'closeHoursWeekend': '', 'dayOff': '일요일, 명절 당일 휴무', 'app2Yn': False}","{'storeType': 'NOT', 'parking': '발레 파킹', 'creditCard': 'y', 'visit': '도산공원 사거리에서 BMW 강남전시장 골목으로 진입하면 우측', 'menu': '옌바오츠코스(99만원), 만한전석코스(75만원), 다이닝마코스(A 29만원, B 39만원, C 55만원), 이달의코스(25만원), 샥스핀탕(M 18만원, L 24만원)', 'priceRange': '25만원 이상', 'openDate': '20191111', 'businessHours': '11:30~14:30(마지막 주문 14:00)/17:30~21:30(마지막 주문 21:00) ', 'openEra': '', 'newOpenDate': '2019년 11월 11일'}","{'detailAddress': '유일빌딩 2층', 'roadAddrPart1': '서울특별시 강남구 언주로152길 8', 'roadAddrPart2': '(신사동)', 'jibunAddr': '서울특별시 강남구 신사동 630-12 유일빌딩', 'engAddr': '8, Eonju-ro 152-gil, Gangnam-gu, Seoul', 'zipNo': '06021', 'admCd': '1168010700', 'detBdNmList': '', 'bdNm': '유일빌딩', 'siNm': '서울특별시', 'sggNm': '강남구', 'emdNm': '신사동', 'liNm': '', 'rn': '', 'buldMnnm': '8', 'buldSlno': '0', 'zone2_1': '서울 강남', 'zone2_2': '02. 압구정동/도산공원', 'map_1': '서울 강남지역', 'map_2': 'd. 언주로-도산공원-로데오거리'}","{'review': '중국 3대 진미로 뽑히는 샥스핀을 전문으로 하는 고급 중식당으로, 룸으로만 구성되어 있어 프라이빗하게 식사를 즐길 수 있다. 동충하초, 산삼, 자라, 제비집 등 고급 식자재를 활용하여 맛뿐만 아니라 건강까지 고려한 수준급 중식 요리를 선보인다.', 'reviewSimple': '중국 3대 진미로 뽑히는 샥스핀을 전문으로 하는 고급 중식당으로, 룸으로만 구성되어 있어 프라이빗하게 식사를 즐길 수 있다. 동충하초, 산삼, 자라, 제비집 등 고급 식자재를 활용하여 맛뿐만 아니라 건강까지 고려한 수준급 중식 요리를 선보인다.', 'readerAppraisal': '', 'readerReview': '', 'businessReview': '', 'editorReview': ''}","{'interior': '', 'seat': '', 'room': '', 'toilet': None, 'toiletEtc': '', 'chain': False, 'close': False, 'renewal': False, 'appYn': False, 'projectNo': '', 'reviewerRecommend': False, 'onlySiteView': False, 'head': '', 'branch': '', 'history': '210728_비밀이야 추천', 'mainMemo': '240903_메뉴 정보 수정 \r\n240619_영업시간 수정\r\n231106_개업일 수정\r\n230418_웹사이트 삭제(http://diningma.kr)\r\n220928_매거진<2023년 새로 추가된 리본 세계 맛집>편에 수록\r\n220928_인스타그램 사진 추가\r\n210806_상세주소 추가'}",['일반중식'],"{'self': {'href': 'http://www.bluer.co.kr/api/v1/restaurants/30639'}, 'restaurant': {'href': 'http://www.bluer.co.kr/api/v1/restaurants/30639{?projection}', 'templated': True}, 'childrenRestaurants': {'href': 'http://www.bluer.co.kr/api/v1/restaurants/30639/childrenRestaurants{?projection}', 'templated': True}, 'evaluates': {'href': 'http://www.bluer.co.kr/api/v1/restaurants/30639/evaluates'}, 'relativeBusinessOrder': {'href': 'http://www.bluer.co.kr/api/v1/restaurants/30639/relativeBusinessOrder'}, 'parentRestaurant': {'href': 'http://www.bluer.co.kr/api/v1/restaurants/30639/parentRestaurant{?projection}', 'templated': True}, 'reports': {'href': 'http://www.bluer.co.kr/api/v1/restaurants/30639/reports'}, 'relativeWriter': {'href': 'http://www.bluer.co.kr/api/v1/restaurants/30639/relativeWriter'}, 'restaurantFeatures': {'href': 'http://www.bluer.co.kr/api/v1/restaurants/30639/restaurantFeatures'}, 'foodTypeCategories': {'href': 'http://www.bluer.co.kr/api/v1/restaurants/30639/foodTypeCategories'}}"
"{'nameKR': '한국의집', 'nameEN': 'KOREA HOUSE', 'nameCN': '', 'nickname': '', 'year': '2025', 'bookYear': '2025', 'ribbonType': 'RIBBON_THREE', 'ribbonTypeByOrdinal': 0}","{'chefName': '', 'website': 'http://www.koreahouse.or.kr/', 'websiteInstagram': 'https://www.instagram.com/koreahouse_official/', 'websiteFacebook': '', 'phone': '02-2266-9101 ', 'openHours': '', 'closeHours': '', 'openHoursWeekend': '', 'closeHoursWeekend': '', 'dayOff': '월요일, 명절 연휴 휴무', 'app2Yn': False}","{'storeType': 'NOT', 'parking': '가능', 'creditCard': 'y', 'visit': '충무로역 3번 출구에서 GS칼텍스 끼고 우회전', 'menu': '1957반상(8만8천원), 신선로정식(A 만찬 20만원, B 오찬 10만원), 한국의집정식(오찬 15만원, 만찬 25만원)', 'priceRange': '5~10만원대', 'openDate': '19570624', 'businessHours': '12:00~15:00(마지막 주문 13:00)/18:00~22:00(마지막 주문 19:30) ', 'openEra': '', 'newOpenDate': '1957년 06월 24일'}","{'detailAddress': '', 'roadAddrPart1': '서울특별시 중구 퇴계로36길 10', 'roadAddrPart2': '(필동2가)', 'jibunAddr': '서울특별시 중구 필동2가 80-2 한국의집', 'engAddr': '10, Toegye-ro 36-gil, Jung-gu, Seoul', 'zipNo': '04626', 'admCd': '1114013800', 'detBdNmList': '3,4호선', 'bdNm': '한국의집', 'siNm': '서울특별시', 'sggNm': '중구', 'emdNm': '필동2가', 'liNm': '', 'rn': '퇴계로', 'buldMnnm': '10', 'buldSlno': '0', 'zone2_1': '서울 강북', 'zone2_2': '16. 을지로/충무로', 'map_1': '서울 강북지역', 'map_2': 'N. 을지로3가-충무로'}","{'review': '조선왕조 궁궁음식 기반의 전통 한식을 품격 있게 담아낸 궁중음식 파인 다이닝을 선보인다. 고즈넉하고 아름다운 한옥의 정취와 함께 제철 식재료, 궁중 진상품 등 우리 땅에서 나는 귀한 식재료들를 활용하여 계절별로 색다른 전통 한식을 만나볼 수 있다. 1957년 한국을 방문하는 외빈을 위한 영빈관의 목적으로 지어졌으며, 현재는 복합문화공간으로서 한국의 아름다운 전통문화를 보존 및 보급하고 있다. 특히 궁중 음식, 고조리서 조리법 등을 연구 및 활용하여 전통 한식을 선도 및 전파하는 데 힘쓰고 있다.', 'reviewSimple': '고풍스러운 한옥에서 국악과 함께 다양한 궁중요리 코스를 즐길 수 있는 곳이다. 궁중음식을 기본으로 한 전통음식을 선보이며, 김치와 장 등을 직접 담그고 김치 광과 장독대가 따로 있을 정도다. 자연송이구이, 전복구이, 대하찜, 갈비찜, 너비아니, 구절판 같은 일품 요리와 한정식과 한식 뷔페도 마련되어 있다. 원래는 박팽년의 사저가 있었던 곳으로, 일제 강점기 때는 총독부 정무총감의 관저로, 대한민국 정부 수립 후에는 귀빈관으로 사용되었다.', 'readerAppraisal': '', 'readerReview': '', 'businessReview': '', 'editorReview': ''}","{'interior': '전통 한옥을 개조', 'seat': '', 'room': '', 'toilet': None, 'toiletEtc': '', 'chain': False, 'close': False, 'renewal': False, 'appYn': False, 'projectNo': '', 'reviewerRecommend': False, 'onlySiteView': False, 'head': '', 'branch': '', 'history': '', 'mainMemo': '241021_사업자등록번호 추가\r\n240705_메뉴, 휴무일, 영업시간 수정\r\n230905_인스타 추가, 영업시간 변경\r\n200722_가격 수정, 여름 특선메뉴 추가, 영업시간 수정\r\n181019_주소 수정 : 중구 퇴계로 지하 199 > 중구 퇴계로36길 10 한국의집\r\n180719_가격수정, 가는길 수정'}",['모던한식'],"{'self': {'href': 'http://www.bluer.co.kr/api/v1/restaurants/952'}, 'restaurant': {'href': 'http://www.bluer.co.kr/api/v1/restaurants/952{?projection}', 'templated': True}, 'childrenRestaurants': {'href': 'http://www.bluer.co.kr/api/v1/restaurants/952/childrenRestaurants{?projection}', 'templated': True}, 'evaluates': {'href': 'http://www.bluer.co.kr/api/v1/restaurants/952/evaluates'}, 'relativeBusinessOrder': {'href': 'http://www.bluer.co.kr/api/v1/restaurants/952/relativeBusinessOrder'}, 'parentRestaurant': {'href': 'http://www.bluer.co.kr/api/v1/restaurants/952/parentRestaurant{?projection}', 'templated': True}, 'reports': {'href': 'http://www.bluer.co.kr/api/v1/restaurants/952/reports'}, 'relativeWriter': {'href': 'http://www.bluer.co.kr/api/v1/restaurants/952/relativeWriter'}, 'restaurantFeatures': {'href': 'http://www.bluer.co.kr/api/v1/restaurants/952/restaurantFeatures'}, 'foodTypeCategories': {'href': 'http://www.bluer.co.kr/api/v1/restaurants/952/foodTypeCategories'}}"
"{'nameKR': '미토우', 'nameEN': '', 'nameCN': '未到', 'nickname': '', 'year': '2025', 'bookYear': '2025', 'ribbonType': 'RIBBON_THREE', 'ribbonTypeByOrdinal': 0}","{'chefName': '김보미, 권영운', 'website': '', 'websiteInstagram': 'https://www.instagram.com/mitouseoul', 'websiteFacebook': '', 'phone': '0507-1306-9914', 'openHours': '', 'closeHours': '', 'openHoursWeekend': '', 'closeHoursWeekend': '', 'dayOff': '일, 월요일 휴무', 'app2Yn': False}","{'storeType': 'NOT', 'parking': '발레 파킹', 'creditCard': 'y', 'visit': '', 'menu': '미토우코스(28만원~30만원)', 'priceRange': '25만원 이상', 'openDate': '201802', 'businessHours': '18:00~22:00 ', 'openEra': '', 'newOpenDate': '2018년 02월 '}","{'detailAddress': '', 'roadAddrPart1': '서울특별시 강남구 도산대로70길 24', 'roadAddrPart2': '(청담동)', 'jibunAddr': '서울특별시 강남구 청담동 17-24', 'engAddr': '24 Dosan-daero 70-gil, Gangnam-gu, Seoul', 'zipNo': '06064', 'admCd': '1168010400', 'detBdNmList': '', 'bdNm': '', 'siNm': '서울특별시', 'sggNm': '강남구', 'emdNm': '청담동', 'liNm': '', 'rn': '논현로151길', 'buldMnnm': '24', 'buldSlno': '0', 'zone2_1': '서울 강남', 'zone2_2': '03. 청담동/강남구청역', 'map_1': '서울 강남지역', 'map_2': 'g. 학동사거리-강남구청역'}","{'review': '일본에서 수련 후 귀국한 권영운, 김보미 오너셰프의 일본요리 전문점. 담담하면서도 화사한 일본요리의 특징을 잘 살리면서도 조금씩 한국적인 느낌을 가미한 완성도 높은 요리를 선보인다. 일본과는 다른 국내 식재료 상황을 극복하기 위해 직접 채소나 쌀을 재배하거나 토종닭을 기르고 미소를 담그는 등 갖은 노력을 아끼지 않으며 많은 미식가들과 매체로부터 높은 평가를 받고 있다.', 'reviewSimple': '', 'readerAppraisal': '', 'readerReview': '', 'businessReview': '', 'editorReview': ''}","{'interior': '', 'seat': '', 'room': '', 'toilet': None, 'toiletEtc': '', 'chain': False, 'close': False, 'renewal': False, 'appYn': False, 'projectNo': '', 'reviewerRecommend': False, 'onlySiteView': False, 'head': '', 'branch': '', 'history': '', 'mainMemo': '240906_인스타그램 계정 추가\r\n240627_전화번호 수정, 휴무일 수정\r\n220515_이전: 서울특별시 강남구 논현로151길 17 --> 서울 강남구 도산대로70길 24'}",['가이세키'],"{'self': {'href': 'http://www.bluer.co.kr/api/v1/restaurants/29427'}, 'restaurant': {'href': 'http://www.bluer.co.kr/api/v1/restaurants/29427{?projection}', 'templated': True}, 'childrenRestaurants': {'href': 'http://www.bluer.co.kr/api/v1/restaurants/29427/childrenRestaurants{?projection}', 'templated': True}, 'evaluates': {'href': 'http://www.bluer.co.kr/api/v1/restaurants/29427/evaluates'}, 'relativeBusinessOrder': {'href': 'http://www.bluer.co.kr/api/v1/restaurants/29427/relativeBusinessOrder'}, 'parentRestaurant': {'href': 'http://www.bluer.co.kr/api/v1/restaurants/29427/parentRestaurant{?projection}', 'templated': True}, 'reports': {'href': 'http://www.bluer.co.kr/api/v1/restaurants/29427/reports'}, 'relativeWriter': {'href': 'http://www.bluer.co.kr/api/v1/restaurants/29427/relativeWriter'}, 'restaurantFeatures': {'href': 'http://www.bluer.co.kr/api/v1/restaurants/29427/restaurantFeatures'}, 'foodTypeCategories': {'href': 'http://www.bluer.co.kr/api/v1/restaurants/29427/foodTypeCategories'}}"
"{'nameKR': '강민철레스토랑', 'nameEN': 'KANG MINCHUL Restaurant ', 'nameCN': '', 'nickname': '', 'year': '2025', 'bookYear': '2025', 'ribbonType': 'RIBBON_THREE', 'ribbonTypeByOrdinal': 0}","{'chefName': '', 'website': '', 'websiteInstagram': 'https://www.instagram.com/kangminchul_restaurant/', 'websiteFacebook': '', 'phone': '02-545-2511', 'openHours': '', 'closeHours': '', 'openHoursWeekend': '', 'closeHoursWeekend': '', 'dayOff': '일, 월요일 휴무', 'app2Yn': False}","{'storeType': 'NOT', 'parking': '발레 파킹', 'creditCard': 'y', 'visit': '', 'menu': '런치(18만원), 디너(34만원), 와인페어링(5잔 25만원, 7잔 29만원)', 'priceRange': '25만원 이상', 'openDate': '20211001', 'businessHours': '12:00~14:30/18:00~22:00 ', 'openEra': '', 'newOpenDate': '2021년 10월 01일'}","{'detailAddress': '지하 1층', 'roadAddrPart1': '서울특별시 강남구 도산대로68길 18', 'roadAddrPart2': '(청담동)', 'jibunAddr': '서울특별시 강남구 청담동 18-38', 'engAddr': '18, Dosan-daero 68-gil, Gangnam-gu, Seoul', 'zipNo': '06064', 'admCd': '1168010400', 'detBdNmList': '', 'bdNm': '', 'siNm': '서울특별시', 'sggNm': '강남구', 'emdNm': '청담동', 'liNm': '', 'rn': '', 'buldMnnm': '18', 'buldSlno': '0', 'zone2_1': '서울 강남', 'zone2_2': '03. 청담동/강남구청역', 'map_1': '서울 강남지역', 'map_2': 'g. 학동사거리-강남구청역'}","{'review': '파리의 조엘 로부숑, 알랭 뒤카스, 피에르 가니에르 등 거장들의 레스토랑에서 경력을 쌓은 강민철 셰프의 파인 다이닝 레스토랑. 클래식 프렌치를 재현한 코스 요리가 펼쳐지며, 메인 디시를 중심으로 서브 디시가 함께 등장한다. 화려한 플레이팅과 퍼포먼스로 인기가 높다.', 'reviewSimple': '오픈하자마자 화제가 되었던 강민철 셰프의 파인 다이닝 레스토랑. 클래식 프렌치를 재현한 코스 요리가 펼쳐지며, 메인 디시를 중심으로 서브 디시가 함께 등장한다. 화려한 플레이팅과 퍼포먼스로 인기가 높다.', 'readerAppraisal': '', 'readerReview': '', 'businessReview': '', 'editorReview': ''}","{'interior': '', 'seat': '', 'room': '', 'toilet': None, 'toiletEtc': '', 'chain': False, 'close': False, 'renewal': False, 'appYn': False, 'projectNo': '', 'reviewerRecommend': False, 'onlySiteView': False, 'head': '', 'branch': '', 'history': '', 'mainMemo': '240709_가격 수정\r\n230906_메뉴, 영업시간 수정'}",['프랑스식'],"{'self': {'href': 'http://www.bluer.co.kr/api/v1/restaurants/32353'}, 'restaurant': {'href': 'http://www.bluer.co.kr/api/v1/restaurants/32353{?projection}', 'templated': True}, 'childrenRestaurants': {'href': 'http://www.bluer.co.kr/api/v1/restaurants/32353/childrenRestaurants{?projection}', 'templated': True}, 'evaluates': {'href': 'http://www.bluer.co.kr/api/v1/restaurants/32353/evaluates'}, 'relativeBusinessOrder': {'href': 'http://www.bluer.co.kr/api/v1/restaurants/32353/relativeBusinessOrder'}, 'parentRestaurant': {'href': 'http://www.bluer.co.kr/api/v1/restaurants/32353/parentRestaurant{?projection}', 'templated': True}, 'reports': {'href': 'http://www.bluer.co.kr/api/v1/restaurants/32353/reports'}, 'relativeWriter': {'href': 'http://www.bluer.co.kr/api/v1/restaurants/32353/relativeWriter'}, 'restaurantFeatures': {'href': 'http://www.bluer.co.kr/api/v1/restaurants/32353/restaurantFeatures'}, 'foodTypeCategories': {'href': 'http://www.bluer.co.kr/api/v1/restaurants/32353/foodTypeCategories'}}"
"{'nameKR': '벽제갈비더청담', 'nameEN': 'HANSIK BYEOK JE', 'nameCN': '', 'nickname': '', 'year': '2025', 'bookYear': '2025', 'ribbonType': 'RIBBON_THREE', 'ribbonTypeByOrdinal': 0}","{'chefName': '', 'website': '', 'websiteInstagram': 'https://www.instagram.com/the_bjgalbi/', 'websiteFacebook': '', 'phone': '02-512-9593', 'openHours': '', 'closeHours': '', 'openHoursWeekend': '', 'closeHoursWeekend': '', 'dayOff': '연중무휴', 'app2Yn': False}","{'storeType': 'NOT', 'parking': '발레 파킹', 'creditCard': '', 'visit': '압구정로데오역 2번 출구에서 600미터', 'menu': '꽃뼈생갈비(1kg 62만원), 꽃뼈등심(1kg 42만원), 설화한우생갈비(200g 16만원), 설화한우양념갈비(200g 8만5천원), 설화한우꽃등심, 설화한우안심, 설화한우안창(각 100g 9만원), 설화한우생등심(100g 7만원), 평양냉면한우반상(3만5천원). 설화한우갈비탕반상(5만8천원)', 'priceRange': '25만원 이상', 'openDate': '20220401', 'businessHours': '11:30~15:00/17:30~22:00(마지막 주문 21:15) ', 'openEra': '', 'newOpenDate': '2022년 04월 01일'}","{'detailAddress': '조은빌딩 1층', 'roadAddrPart1': '서울특별시 강남구 도산대로81길 25', 'roadAddrPart2': '(청담동)', 'jibunAddr': '서울특별시 강남구 청담동 118-4', 'engAddr': '25, Dosan-daero 81-gil, Gangnam-gu, Seoul', 'zipNo': '06011', 'admCd': '1168010400', 'detBdNmList': '', 'bdNm': '', 'siNm': '서울특별시', 'sggNm': '강남구', 'emdNm': '청담동', 'liNm': '', 'rn': '', 'buldMnnm': '25', 'buldSlno': '0', 'zone2_1': '서울 강남', 'zone2_2': '03. 청담동/강남구청역', 'map_1': '서울 강남지역', 'map_2': 'f. 청담사거리-영동대교남단-청담역'}","{'review': '벽제갈비에서 운영하는 한우 다이닝 레스토랑. 인테리어뿐 아니라 기물도 고급스럽게 준비하였다. 개별룸에서 셰프가 직접 손질해서 구워주는 한우 코스를 맛볼 수 있다. ', 'reviewSimple': '벽제갈비에서 야심차게 오픈한 한우 다이닝 레스토랑. 인테리어뿐 아니라 기물도 고급스럽게 준비하였다. 개별룸에서 셰프가 직접 손질해서 구워주는 한우 코스를 맛볼 수 있다. ', 'readerAppraisal': '', 'readerReview': '', 'businessReview': '', 'editorReview': ''}","{'interior': '', 'seat': '', 'room': '', 'toilet': None, 'toiletEtc': '', 'chain': False, 'close': False, 'renewal': False, 'appYn': False, 'projectNo': '', 'reviewerRecommend': False, 'onlySiteView': False, 'head': '', 'branch': '', 'history': '', 'mainMemo': '240627_메뉴 수정\r\n240514_가격 수정 \r\n230906_메뉴 수정'}","['소고기구이', '한우오마카세']","{'self': {'href': 'http://www.bluer.co.kr/api/v1/restaurants/32915'}, 'restaurant': {'href': 'http://www.bluer.co.kr/api/v1/restaurants/32915{?projection}', 'templated': True}, 'childrenRestaurants': {'href': 'http://www.bluer.co.kr/api/v1/restaurants/32915/childrenRestaurants{?projection}', 'templated': True}, 'evaluates': {'href': 'http://www.bluer.co.kr/api/v1/restaurants/32915/evaluates'}, 'relativeBusinessOrder': {'href': 'http://www.bluer.co.kr/api/v1/restaurants/32915/relativeBusinessOrder'}, 'parentRestaurant': {'href': 'http://www.bluer.co.kr/api/v1/restaurants/32915/parentRestaurant{?projection}', 'templated': True}, 'reports': {'href': 'http://www.bluer.co.kr/api/v1/restaurants/32915/reports'}, 'relativeWriter': {'href': 'http://www.bluer.co.kr/api/v1/restaurants/32915/relativeWriter'}, 'restaurantFeatures': {'href': 'http://www.bluer.co.kr/api/v1/restaurants/32915/restaurantFeatures'}, 'foodTypeCategories': {'href': 'http://www.bluer.co.kr/api/v1/restaurants/32915/foodTypeCategories'}}"
"{'nameKR': '솔밤', 'nameEN': 'SOLBAM', 'nameCN': '', 'nickname': '', 'year': '2025', 'bookYear': '2025', 'ribbonType': 'RIBBON_THREE', 'ribbonTypeByOrdinal': 0}","{'chefName': '엄태준 셰프', 'website': '', 'websiteInstagram': 'https://www.instagram.com/solbam_restaurant/', 'websiteFacebook': '', 'phone': '070-4405-7788', 'openHours': '', 'closeHours': '', 'openHoursWeekend': '', 'closeHoursWeekend': '', 'dayOff': '일요일 휴무', 'app2Yn': False}","{'storeType': 'NOT', 'parking': '발레 파킹', 'creditCard': 'y', 'visit': '', 'menu': '솔밤코스(35만원), 베버리지페어링(25만원)', 'priceRange': '25만원 이상', 'openDate': '20210923', 'businessHours': '17:30~22:30 ', 'openEra': '', 'newOpenDate': '2021년 09월 23일'}","{'detailAddress': ' 논현백영센터 2층', 'roadAddrPart1': '서울특별시 강남구 학동로 231', 'roadAddrPart2': ' (논현동)', 'jibunAddr': '서울특별시 강남구 논현동 89-10', 'engAddr': '231 Hakdong-ro, Gangnam-gu, Seoul', 'zipNo': '06053', 'admCd': '1168010800', 'detBdNmList': '', 'bdNm': '', 'siNm': '서울특별시', 'sggNm': '강남구', 'emdNm': '논현동', 'liNm': '', 'rn': '', 'buldMnnm': '231', 'buldSlno': '0', 'zone2_1': '서울 강남', 'zone2_2': '04. 논현동', 'map_1': '서울 강남지역', 'map_2': 'c. 을지병원사거리-서울세관사거리'}","{'review': '한식을 기반으로한 컨템포러리 파인 다이닝. 뉴욕 일레븐매디슨파크, 서울 임프레션 등을 거친 엄태준 셰프가 독창적이고 섬세한 코스로 풀어낸다. 고동연 소믈리에의 독창적인 와인 페어링, 황세희 파티시에의 디저트까지 12코스가 조화롭게 진행된다. 솔밤은 엄셰프가 유년을 보낸 안동의 지명이다.', 'reviewSimple': '한식을 기반으로한 컨템포러리 파인 다이닝. 뉴욕 일레븐매디슨파크, 서울 임프레션 등을 거친 엄태준 셰프가 독창적이고 섬세한 코스로 풀어낸다. 고동연 소믈리에의 독창적인 와인 페어링, 황세희 파티시에의 디저트까지 12코스가 조화롭게 진행된다. 솔밤은 엄셰프가 유년을 보낸 안동의 지명이다.', 'readerAppraisal': '', 'readerReview': '', 'businessReview': '', 'editorReview': ''}","{'interior': '', 'seat': '', 'room': '', 'toilet': None, 'toiletEtc': '', 'chain': False, 'close': False, 'renewal': False, 'appYn': False, 'projectNo': '', 'reviewerRecommend': False, 'onlySiteView': False, 'head': '', 'branch': '', 'history': '240506_4월 22일 재오픈', 'mainMemo': '240705_가격 수정\r\n240302_3월 4일 이전 오픈: 서울특별시 강남구 신사동 629-38 --> 서울 강남구 학동로 231 논현백영센터 2층 솔밤\r\n231119_1월말까지 영업하고 이전\r\n230906_휴무일 수정\r\n230824_메뉴가격 수정\r\n220624_메뉴가격 수정\r\n220307_전화번호, 웹사이트, 주차 가능 여부, 휴무일, 메뉴 정보 추가'}",['뉴코리안'],"{'self': {'href': 'http://www.bluer.co.kr/api/v1/restaurants/32608'}, 'restaurant': {'href': 'http://www.bluer.co.kr/api/v1/restaurants/32608{?projection}', 'templated': True}, 'childrenRestaurants': {'href': 'http://www.bluer.co.kr/api/v1/restaurants/32608/childrenRestaurants{?projection}', 'templated': True}, 'evaluates': {'href': 'http://www.bluer.co.kr/api/v1/restaurants/32608/evaluates'}, 'relativeBusinessOrder': {'href': 'http://www.bluer.co.kr/api/v1/restaurants/32608/relativeBusinessOrder'}, 'parentRestaurant': {'href': 'http://www.bluer.co.kr/api/v1/restaurants/32608/parentRestaurant{?projection}', 'templated': True}, 'reports': {'href': 'http://www.bluer.co.kr/api/v1/restaurants/32608/reports'}, 'relativeWriter': {'href': 'http://www.bluer.co.kr/api/v1/restaurants/32608/relativeWriter'}, 'restaurantFeatures': {'href': 'http://www.bluer.co.kr/api/v1/restaurants/32608/restaurantFeatures'}, 'foodTypeCategories': {'href': 'http://www.bluer.co.kr/api/v1/restaurants/32608/foodTypeCategories'}}"
"{'nameKR': '이타닉가든', 'nameEN': 'EATANIC GARDEN', 'nameCN': '', 'nickname': '', 'year': '2025', 'bookYear': '2025', 'ribbonType': 'RIBBON_THREE', 'ribbonTypeByOrdinal': 0}","{'chefName': '손종원', 'website': 'https://jpg.josunhotel.com/dining/EatanicGarden.do', 'websiteInstagram': 'https://www.instagram.com/eatanicgarden/', 'websiteFacebook': '', 'phone': '02-727-7610', 'openHours': '', 'closeHours': '', 'openHoursWeekend': '', 'closeHoursWeekend': '', 'dayOff': '월, 화요일 휴무', 'app2Yn': False}","{'storeType': 'NOT', 'parking': '발레 파킹', 'creditCard': 'y', 'visit': '', 'menu': '런치코스(19만원), 디너코스(32만원)', 'priceRange': '25만원 이상', 'openDate': '202105', 'businessHours': '12:00~15:00/18:00~22:00 ', 'openEra': '', 'newOpenDate': '2021년 05월 '}","{'detailAddress': '조선팰리스강남 36층', 'roadAddrPart1': '서울특별시 강남구 테헤란로 231', 'roadAddrPart2': '(역삼동)', 'jibunAddr': '서울특별시 강남구 역삼동 676 센터필드', 'engAddr': '231, Teheran-ro, Gangnam-gu, Seoul', 'zipNo': '06142', 'admCd': '1168010100', 'detBdNmList': '', 'bdNm': '센터필드', 'siNm': '서울특별시', 'sggNm': '강남구', 'emdNm': '역삼동', 'liNm': '', 'rn': '', 'buldMnnm': '231', 'buldSlno': '0', 'zone2_1': '서울 강남', 'zone2_2': '08. 역삼동/언주역', 'map_1': '서울 강남지역', 'map_2': 'n. 언주역-역삼역'}","{'review': '프렌치 조리법에 컨템포러리 한식을 접목한 파인 다이닝 레스토랑. 손종원 셰프의 섬세하면서도 화려한 플레이팅을 바탕으로 코스 요리를 선보인다. 와인과 전통주 페어링이 가능하며 창가 자리의 시티뷰가 좋으니 예약 시 참고할 것.', 'reviewSimple': '', 'readerAppraisal': '', 'readerReview': '', 'businessReview': '', 'editorReview': ''}","{'interior': '', 'seat': '', 'room': '', 'toilet': None, 'toiletEtc': '', 'chain': False, 'close': False, 'renewal': False, 'appYn': False, 'projectNo': '', 'reviewerRecommend': False, 'onlySiteView': False, 'head': '', 'branch': '', 'history': '', 'mainMemo': '240903_영업시간 변경\r\n240710_휴무일 변경'}",['뉴코리안'],"{'self': {'href': 'http://www.bluer.co.kr/api/v1/restaurants/31886'}, 'restaurant': {'href': 'http://www.bluer.co.kr/api/v1/restaurants/31886{?projection}', 'templated': True}, 'childrenRestaurants': {'href': 'http://www.bluer.co.kr/api/v1/restaurants/31886/childrenRestaurants{?projection}', 'templated': True}, 'evaluates': {'href': 'http://www.bluer.co.kr/api/v1/restaurants/31886/evaluates'}, 'relativeBusinessOrder': {'href': 'http://www.bluer.co.kr/api/v1/restaurants/31886/relativeBusinessOrder'}, 'parentRestaurant': {'href': 'http://www.bluer.co.kr/api/v1/restaurants/31886/parentRestaurant{?projection}', 'templated': True}, 'reports': {'href': 'http://www.bluer.co.kr/api/v1/restaurants/31886/reports'}, 'relativeWriter': {'href': 'http://www.bluer.co.kr/api/v1/restaurants/31886/relativeWriter'}, 'restaurantFeatures': {'href': 'http://www.bluer.co.kr/api/v1/restaurants/31886/restaurantFeatures'}, 'foodTypeCategories': {'href': 'http://www.bluer.co.kr/api/v1/restaurants/31886/foodTypeCategories'}}"
"{'nameKR': '코자차', 'nameEN': 'Kojacha', 'nameCN': '', 'nickname': '', 'year': '2025', 'bookYear': '2025', 'ribbonType': 'RIBBON_THREE', 'ribbonTypeByOrdinal': 0}","{'chefName': '최유강', 'website': '', 'websiteInstagram': 'https://www.instagram.com/kojacha.official/', 'websiteFacebook': '', 'phone': '010-9023-7771 ', 'openHours': '', 'closeHours': '', 'openHoursWeekend': '', 'closeHoursWeekend': '', 'dayOff': '일요일 휴무', 'app2Yn': False}","{'storeType': 'NOT', 'parking': '가능', 'creditCard': 'y', 'visit': '', 'menu': '런치코스(15만원), 디너코스(25만원)', 'priceRange': '25만원 이상', 'openDate': '202003', 'businessHours': '12:00~14:30/18:00~22:00 ', 'openEra': '', 'newOpenDate': '2020년 03월 '}","{'detailAddress': '', 'roadAddrPart1': '서울특별시 강남구 학동로97길 17', 'roadAddrPart2': '(청담동)', 'jibunAddr': '서울특별시 강남구 청담동 70-6', 'engAddr': '17, Hakdong-ro 97-gil, Gangnam-gu, Seoul', 'zipNo': '06072', 'admCd': '1168010400', 'detBdNmList': '', 'bdNm': '', 'siNm': '서울특별시', 'sggNm': '강남구', 'emdNm': '청담동', 'liNm': '', 'rn': '', 'buldMnnm': '17', 'buldSlno': '0', 'zone2_1': '서울 강남', 'zone2_2': '03. 청담동/강남구청역', 'map_1': '서울 강남지역', 'map_2': 'f. 청담사거리-영동대교남단-청담역'}","{'review': '한식, 일식, 중식의 앞글자를 따서 만든 레스토랑. 신라 호텔에서 20년 가까이 경력을 쌓은 두 셰프의 노하우가 담긴 세심한 코스요리를 선보인다. ', 'reviewSimple': '한식, 일식, 중식의 앞글자를 따서 만든 레스토랑. 신라 호텔에서 20년 가까이 경력을 쌓은 두 셰프의 노하우가 담긴 세심한 코스요리를 선보인다. ', 'readerAppraisal': '', 'readerReview': '', 'businessReview': '', 'editorReview': ''}","{'interior': '', 'seat': '', 'room': '', 'toilet': None, 'toiletEtc': '', 'chain': False, 'close': False, 'renewal': False, 'appYn': False, 'projectNo': None, 'reviewerRecommend': False, 'onlySiteView': False, 'head': '', 'branch': '', 'history': '210722_2022년판에 리본 두 개', 'mainMemo': '230907_메뉴 수정 \r\n210805_식당명 영문 추가\r\n210804_가격대 수정\r\n210610_주소 이전: 서울특별시 서초구 강남대로16길 29 > 서울특별시 강남구 학동로97길 17'}","['이노베이티브퀴진', '일식', '모던차이니즈']","{'self': {'href': 'http://www.bluer.co.kr/api/v1/restaurants/31432'}, 'restaurant': {'href': 'http://www.bluer.co.kr/api/v1/restaurants/31432{?projection}', 'templated': True}, 'childrenRestaurants': {'href': 'http://www.bluer.co.kr/api/v1/restaurants/31432/childrenRestaurants{?projection}', 'templated': True}, 'evaluates': {'href': 'http://www.bluer.co.kr/api/v1/restaurants/31432/evaluates'}, 'relativeBusinessOrder': {'href': 'http://www.bluer.co.kr/api/v1/restaurants/31432/relativeBusinessOrder'}, 'parentRestaurant': {'href': 'http://www.bluer.co.kr/api/v1/restaurants/31432/parentRestaurant{?projection}', 'templated': True}, 'reports': {'href': 'http://www.bluer.co.kr/api/v1/restaurants/31432/reports'}, 'relativeWriter': {'href': 'http://www.bluer.co.kr/api/v1/restaurants/31432/relativeWriter'}, 'restaurantFeatures': {'href': 'http://www.bluer.co.kr/api/v1/restaurants/31432/restaurantFeatures'}, 'foodTypeCategories': {'href': 'http://www.bluer.co.kr/api/v1/restaurants/31432/foodTypeCategories'}}"
"{'nameKR': '세븐스도어', 'nameEN': '7th Door', 'nameCN': '', 'nickname': '세븐쓰도어', 'year': '2025', 'bookYear': '2025', 'ribbonType': 'RIBBON_THREE', 'ribbonTypeByOrdinal': 0}","{'chefName': '김대천', 'website': 'https://www.7thdoor.kr/', 'websiteInstagram': 'https://www.instagram.com/7thdoor_official/', 'websiteFacebook': '', 'phone': '010-9660-3011', 'openHours': '', 'closeHours': '', 'openHoursWeekend': '', 'closeHoursWeekend': '', 'dayOff': '일, 월요일 휴무', 'app2Yn': False}","{'storeType': 'NOT', 'parking': '발레 파킹', 'creditCard': 'y', 'visit': '', 'menu': '런치코스(18만원), 주말런치코스(21만원), 디너코스(32만원)', 'priceRange': '25만원 이상', 'openDate': '2020', 'businessHours': '12:00~15:00(마지막 주문 13:00)/18:00~22:00(마지막 주문 19:00) ', 'openEra': '', 'newOpenDate': '2020년 '}","{'detailAddress': '리유빌딩 4층', 'roadAddrPart1': '서울특별시 강남구 학동로97길 41', 'roadAddrPart2': '(청담동)', 'jibunAddr': '서울특별시 강남구 청담동 69-5 리유빌딩', 'engAddr': '41, Hakdong-ro 97-gil, Gangnam-gu, Seoul', 'zipNo': '06072', 'admCd': '1168010400', 'detBdNmList': '', 'bdNm': '리유빌딩', 'siNm': '서울특별시', 'sggNm': '강남구', 'emdNm': '청담동', 'liNm': '', 'rn': '', 'buldMnnm': '41', 'buldSlno': '0', 'zone2_1': '서울 강남', 'zone2_2': '03. 청담동/강남구청역', 'map_1': '서울 강남지역', 'map_2': 'f. 청담사거리-영동대교남단-청담역'}","{'review': '김대천 셰프의 발효와 숙성을 테마로 한 레스토랑. 다양한 식자재를 발효 및 숙성하여 사용하며 심도있게 코스 요리로 풀어낸다. 단맛, 쓴맛, 매운맛, 단맛, 감칠맛의 다섯 가지 맛에 6번째인 발효와 숙성, 7번째인 셰프의 손맛을 모두 맛볼 수 있는 곳이다.', 'reviewSimple': '김대천 셰프의 발효와 숙성을 테마로 한 레스토랑. 다양한 식자재를 발효 및 숙성하여 사용하며 심도있게 코스 요리로 풀어낸다. 단맛, 쓴맛, 매운맛, 단맛, 감칠맛의 다섯 가지 맛에 6번째인 발효와 숙성, 7번째인 셰프의 손맛을 모두 맛볼 수 있는 곳이다.', 'readerAppraisal': '', 'readerReview': '', 'businessReview': '', 'editorReview': ''}","{'interior': '', 'seat': '', 'room': '', 'toilet': None, 'toiletEtc': '', 'chain': False, 'close': False, 'renewal': False, 'appYn': False, 'projectNo': '', 'reviewerRecommend': False, 'onlySiteView': False, 'head': '', 'branch': '', 'history': '210728_비밀이야 추천', 'mainMemo': '240903_가격 수정\r\n240710_웹사이트 추가\r\n230426_전화번호 변경(02-542-3010→010-9660-3011)\r\n230426_웹사이트 삭제(https://www.7thdoor.kr/)'}",['컨템포러리'],"{'self': {'href': 'http://www.bluer.co.kr/api/v1/restaurants/31431'}, 'restaurant': {'href': 'http://www.bluer.co.kr/api/v1/restaurants/31431{?projection}', 'templated': True}, 'childrenRestaurants': {'href': 'http://www.bluer.co.kr/api/v1/restaurants/31431/childrenRestaurants{?projection}', 'templated': True}, 'evaluates': {'href': 'http://www.bluer.co.kr/api/v1/restaurants/31431/evaluates'}, 'relativeBusinessOrder': {'href': 'http://www.bluer.co.kr/api/v1/restaurants/31431/relativeBusinessOrder'}, 'parentRestaurant': {'href': 'http://www.bluer.co.kr/api/v1/restaurants/31431/parentRestaurant{?projection}', 'templated': True}, 'reports': {'href': 'http://www.bluer.co.kr/api/v1/restaurants/31431/reports'}, 'relativeWriter': {'href': 'http://www.bluer.co.kr/api/v1/restaurants/31431/relativeWriter'}, 'restaurantFeatures': {'href': 'http://www.bluer.co.kr/api/v1/restaurants/31431/restaurantFeatures'}, 'foodTypeCategories': {'href': 'http://www.bluer.co.kr/api/v1/restaurants/31431/foodTypeCategories'}}"
"{'nameKR': '수운', 'nameEN': '', 'nameCN': '', 'nickname': '', 'year': '2025', 'bookYear': '2025', 'ribbonType': 'RIBBON_THREE', 'ribbonTypeByOrdinal': 0}","{'chefName': '', 'website': 'https://www.haevichi.com/soowoon/', 'websiteInstagram': 'https://www.instagram.com/haevichidining/', 'websiteFacebook': '', 'phone': '02-722-4310 ', 'openHours': '', 'closeHours': '', 'openHoursWeekend': '', 'closeHoursWeekend': '', 'dayOff': '연중무휴', 'app2Yn': False}","{'storeType': 'NOT', 'parking': '가능', 'creditCard': 'y', 'visit': '을지로입구역에서 종각역 방향으로 직진. 종각역 3-1번 출구를 지나 우측', 'menu': '코스요리(향코스 8만5천원, 풍코스 11만원), 육회비빔밥, 떡갈비비빔밥(각 2만4천원), 갈비찜, 간장게장(각 12만원), 한우육회(3만8천원), 한우육전(7만원)', 'priceRange': '5~10만원대', 'openDate': '202006', 'businessHours': '11:30~14:30/17:30~22:00 | 일요일 11:30~14:30/17:30~21:00 ', 'openEra': '', 'newOpenDate': '2020년 06월 '}","{'detailAddress': '센트로폴리스빌딩 2층', 'roadAddrPart1': '서울특별시 종로구 우정국로 26', 'roadAddrPart2': '(공평동)', 'jibunAddr': '서울특별시 종로구 공평동 17', 'engAddr': '26, Ujeongguk-ro, Jongno-gu, Seoul', 'zipNo': '03161', 'admCd': '1111012700', 'detBdNmList': '', 'bdNm': '', 'siNm': '서울특별시', 'sggNm': '종로구', 'emdNm': '공평동', 'liNm': '', 'rn': '', 'buldMnnm': '26', 'buldSlno': '0', 'zone2_1': '서울 강북', 'zone2_2': '13. 인사동/익선동/종로3가', 'map_1': '서울 강북지역', 'map_2': 'M. 인사동-익선동'}","{'review': '조선시대 조리서 수운잡방을 모티브로 전통 한식을 재현하고 있다. 궁중요리나 고조리서에만 치우치지 않고 현대적인 반가 음식을 풀어내고 있는 것이 특징이다. 인테리어도 고급스러우며 한 장의 원목으로 만든 빅 테이블이 인상적이다. ', 'reviewSimple': '조선시대 조리서 수운잡방을 모티브로 전통 한식을 재현하고 있다. 궁중요리나 고조리서에만 치우치지 않고 현대적인 반가 음식을 풀어내고 있는 것이 특징이다. 인테리어도 고급스러우며 한 장의 원목으로 만든 빅 테이블이 인상적이다. ', 'readerAppraisal': '', 'readerReview': '', 'businessReview': '', 'editorReview': ''}","{'interior': '', 'seat': '', 'room': '', 'toilet': None, 'toiletEtc': '', 'chain': False, 'close': False, 'renewal': False, 'appYn': False, 'projectNo': '', 'reviewerRecommend': False, 'onlySiteView': False, 'head': '', 'branch': '', 'history': '', 'mainMemo': '240903_메뉴 이름 수정\r\n240617_인스타그램 주소 추가, 메뉴수정, 가격수정\r\n230907_메뉴 수정'}","['한정식', '일반한식']","{'self': {'href': 'http://www.bluer.co.kr/api/v1/restaurants/30988'}, 'restaurant': {'href': 'http://www.bluer.co.kr/api/v1/restaurants/30988{?projection}', 'templated': True}, 'childrenRestaurants': {'href': 'http://www.bluer.co.kr/api/v1/restaurants/30988/childrenRestaurants{?projection}', 'templated': True}, 'evaluates': {'href': 'http://www.bluer.co.kr/api/v1/restaurants/30988/evaluates'}, 'relativeBusinessOrder': {'href': 'http://www.bluer.co.kr/api/v1/restaurants/30988/relativeBusinessOrder'}, 'parentRestaurant': {'href': 'http://www.bluer.co.kr/api/v1/restaurants/30988/parentRestaurant{?projection}', 'templated': True}, 'reports': {'href': 'http://www.bluer.co.kr/api/v1/restaurants/30988/reports'}, 'relativeWriter': {'href': 'http://www.bluer.co.kr/api/v1/restaurants/30988/relativeWriter'}, 'restaurantFeatures': {'href': 'http://www.bluer.co.kr/api/v1/restaurants/30988/restaurantFeatures'}, 'foodTypeCategories': {'href': 'http://www.bluer.co.kr/api/v1/restaurants/30988/foodTypeCategories'}}"
"{'nameKR': '라망시크레', 'nameEN': ""L'Amant Secret"", 'nameCN': '', 'nickname': '', 'year': '2025', 'bookYear': '2025', 'ribbonType': 'RIBBON_THREE', 'ribbonTypeByOrdinal': 0}","{'chefName': '손종원', 'website': '', 'websiteInstagram': 'https://www.instagram.com/lamant_secret/', 'websiteFacebook': '', 'phone': '02-317-4003 ', 'openHours': '', 'closeHours': '', 'openHoursWeekend': '', 'closeHoursWeekend': '', 'dayOff': '일요일 휴무', 'app2Yn': False}","{'storeType': 'NOT', 'parking': '가능', 'creditCard': 'y', 'visit': '회현역 6번 출구 앞. 레스케이프 호텔 26층', 'menu': '런치셰프테이스팅코스(14만원), 런치와인페어링(12만원), 디너셰프테이스팅코스(22만원), 디너와인페어링(20만원)', 'priceRange': '25만원 이상', 'openDate': '20180719', 'businessHours': '12:00~15:00(마지막 주문 13:30)/18:00~22:00(마지막 주문 19:30) ', 'openEra': '', 'newOpenDate': '2018년 07월 19일'}","{'detailAddress': '레스케이프 호텔 26층', 'roadAddrPart1': '서울특별시 중구 퇴계로 67', 'roadAddrPart2': '(회현동1가)', 'jibunAddr': '서울특별시 중구 회현동1가 194-19', 'engAddr': '67, Toegye-ro, Jung-gu, Seoul', 'zipNo': '04529', 'admCd': '1114012100', 'detBdNmList': '', 'bdNm': '', 'siNm': '서울특별시', 'sggNm': '중구', 'emdNm': '회현동1가', 'liNm': '', 'rn': '', 'buldMnnm': '67', 'buldSlno': '0', 'zone2_1': '서울 강북', 'zone2_2': '21. 남대문/서울역/후암동', 'map_1': '서울 강북지역', 'map_2': 'R. 서울역-남산-남대문시장'}","{'review': '부티크호텔 레스케이프 호텔 최상층에 자리한 컨템포러리 프렌치 레스토랑. 세련된 플레이팅의 요리를 파리에 있는 듯한 분위기에서 즐길 수 있다. 코스 구성은 계절별로 바뀐다. 요리와 어울리는 내추럴 와인을 페어링해 즐길 수도 있다. 손종원 셰프가 이타닉가든과 라망시크레 모두 책임지고 있다.', 'reviewSimple': '부티크호텔 레스케이프 호텔 최상층에 자리한 컨템포러리 프렌치 레스토랑. 세련된 플레이팅의 요리를 파리에 있는 듯한 분위기에서 즐길 수 있다. 코스 구성은 계절별로 바뀐다. 요리와 어울리는 내추럴 와인을 페어링해 즐길 수도 있다. 손종원 셰프가 이타닉가든과 라망시크레 모두 책임지고 있다.', 'readerAppraisal': '“즐거운 다이닝 경험을 했습니다. 매우 만족스러웠습니다.” ', 'readerReview': '', 'businessReview': '', 'editorReview': ''}","{'interior': '', 'seat': '', 'room': '', 'toilet': None, 'toiletEtc': '', 'chain': False, 'close': False, 'renewal': False, 'appYn': False, 'projectNo': '', 'reviewerRecommend': False, 'onlySiteView': False, 'head': '', 'branch': '', 'history': '', 'mainMemo': '240903_메뉴, 가격 수정\r\n230908_메뉴 수정\r\n200723_영업시간, 가격 수정'}","['컨템포러리', '프랑스식']","{'self': {'href': 'http://www.bluer.co.kr/api/v1/restaurants/29567'}, 'restaurant': {'href': 'http://www.bluer.co.kr/api/v1/restaurants/29567{?projection}', 'templated': True}, 'childrenRestaurants': {'href': 'http://www.bluer.co.kr/api/v1/restaurants/29567/childrenRestaurants{?projection}', 'templated': True}, 'evaluates': {'href': 'http://www.bluer.co.kr/api/v1/restaurants/29567/evaluates'}, 'relativeBusinessOrder': {'href': 'http://www.bluer.co.kr/api/v1/restaurants/29567/relativeBusinessOrder'}, 'parentRestaurant': {'href': 'http://www.bluer.co.kr/api/v1/restaurants/29567/parentRestaurant{?projection}', 'templated': True}, 'reports': {'href': 'http://www.bluer.co.kr/api/v1/restaurants/29567/reports'}, 'relativeWriter': {'href': 'http://www.bluer.co.kr/api/v1/restaurants/29567/relativeWriter'}, 'restaurantFeatures': {'href': 'http://www.bluer.co.kr/api/v1/restaurants/29567/restaurantFeatures'}, 'foodTypeCategories': {'href': 'http://www.bluer.co.kr/api/v1/restaurants/29567/foodTypeCategories'}}"
"{'nameKR': '온지음레스토랑', 'nameEN': 'ONJIUM', 'nameCN': '', 'nickname': '온지음맛공방', 'year': '2025', 'bookYear': '2025', 'ribbonType': 'RIBBON_THREE', 'ribbonTypeByOrdinal': 0}","{'chefName': '조은희, 박성배', 'website': '', 'websiteInstagram': 'https://www.instagram.com/onjium_restaurant/', 'websiteFacebook': '', 'phone': '02-6952-0024 ', 'openHours': '', 'closeHours': '', 'openHoursWeekend': '', 'closeHoursWeekend': '', 'dayOff': '토, 일, 월요일, 공휴일 휴무', 'app2Yn': False}","{'storeType': 'NOT', 'parking': '가능', 'creditCard': 'y', 'visit': '통의파출소에서 청와대 방향으로 직진하면 좌측', 'menu': '점심코스(17만원), 저녁코스(25만원)', 'priceRange': '15~25만원대', 'openDate': '2018', 'businessHours': '12:00~15:00/18:00~22:00(마지막 주문 20:00) ', 'openEra': '', 'newOpenDate': '2018년 '}","{'detailAddress': '4층', 'roadAddrPart1': '서울특별시 종로구 효자로 49', 'roadAddrPart2': '(창성동)', 'jibunAddr': '서울특별시 종로구 창성동 17-1 온지음', 'engAddr': '49, Hyoja-ro, Jongno-gu, Seoul', 'zipNo': '03043', 'admCd': '1111010500', 'detBdNmList': '', 'bdNm': '온지음', 'siNm': '서울특별시', 'sggNm': '종로구', 'emdNm': '창성동', 'liNm': '', 'rn': '', 'buldMnnm': '49', 'buldSlno': '0', 'zone2_1': '서울 강북', 'zone2_2': '10. 서촌/부암동', 'map_1': '서울 강북지역', 'map_2': 'K. 경복궁역-서촌'}","{'review': '서울을 대표하는 한식 레스토랑 중의 하나로, 정통 한식에 기반한 모던 한식을 파인 다이닝으로 즐길 수 있다. 조은희 주방장과 박성배 수석 연구원이 전국 각지에서 나는 제철 식재료를 연구해 한 가지 코스로 정갈하게 풀어낸다.', 'reviewSimple': '서울을 대표하는 한식 레스토랑 중의 하나로, 정통 한식에 기반한 모던 한식을 파인 다이닝으로 즐길 수 있다. 조은희 주방장과 박성배 수석 연구원이 전국 각지에서 나는 제철 식재료를 연구해 한 가지 코스로 정갈하게 풀어낸다.', 'readerAppraisal': '“한국적인 특색을 기본으로 하면서도 식상하지 않은 재미난 음식을 선보이는 곳. 맛 역시 매우 훌륭하고 서비스도 좋았음. 인생식당.”', 'readerReview': '', 'businessReview': '', 'editorReview': ''}","{'interior': '', 'seat': '', 'room': '', 'toilet': None, 'toiletEtc': '', 'chain': False, 'close': False, 'renewal': False, 'appYn': False, 'projectNo': '', 'reviewerRecommend': False, 'onlySiteView': False, 'head': '', 'branch': '', 'history': '191201_2021년판에 리본 세 개', 'mainMemo': '240906_가격 수정\r\n240627_가격 수정\r\n230908_메뉴 수정\r\n220704_상호 변경: 온지음맛공방-->온지음레스토랑\r\n181008_온지음 정보 입력'}",['모던한식'],"{'self': {'href': 'http://www.bluer.co.kr/api/v1/restaurants/29464'}, 'restaurant': {'href': 'http://www.bluer.co.kr/api/v1/restaurants/29464{?projection}', 'templated': True}, 'childrenRestaurants': {'href': 'http://www.bluer.co.kr/api/v1/restaurants/29464/childrenRestaurants{?projection}', 'templated': True}, 'evaluates': {'href': 'http://www.bluer.co.kr/api/v1/restaurants/29464/evaluates'}, 'relativeBusinessOrder': {'href': 'http://www.bluer.co.kr/api/v1/restaurants/29464/relativeBusinessOrder'}, 'parentRestaurant': {'href': 'http://www.bluer.co.kr/api/v1/restaurants/29464/parentRestaurant{?projection}', 'templated': True}, 'reports': {'href': 'http://www.bluer.co.kr/api/v1/restaurants/29464/reports'}, 'relativeWriter': {'href': 'http://www.bluer.co.kr/api/v1/restaurants/29464/relativeWriter'}, 'restaurantFeatures': {'href': 'http://www.bluer.co.kr/api/v1/restaurants/29464/restaurantFeatures'}, 'foodTypeCategories': {'href': 'http://www.bluer.co.kr/api/v1/restaurants/29464/foodTypeCategories'}}"
"{'nameKR': '무오키', 'nameEN': 'MUOKI', 'nameCN': '', 'nickname': '', 'year': '2025', 'bookYear': '2025', 'ribbonType': 'RIBBON_THREE', 'ribbonTypeByOrdinal': 0}","{'chefName': '박무현', 'website': 'http://www.muoki.kr', 'websiteInstagram': 'https://www.instagram.com/muoki.seoul/', 'websiteFacebook': '', 'phone': '0507-1314-4171', 'openHours': '12:00', 'closeHours': '22:00', 'openHoursWeekend': '', 'closeHoursWeekend': '', 'dayOff': '일요일 휴무', 'app2Yn': False}","{'storeType': 'NOT', 'parking': '발레 파킹', 'creditCard': 'y', 'visit': '강남구청역 4번 출구에서 첫 번째 골목으로 좌회전. 디자인치과 옆 골목으로 직진하면 우측', 'menu': '런치코스(13만원), 디너코스(23만원)', 'priceRange': '15~25만원대', 'openDate': '201709', 'businessHours': '12:00~15:00/18:00~22:00 ', 'openEra': '', 'newOpenDate': '2017년 09월 '}","{'detailAddress': '', 'roadAddrPart1': '서울특별시 강남구 학동로55길 12-12', 'roadAddrPart2': '(청담동)', 'jibunAddr': '서울특별시 강남구 청담동 38-4', 'engAddr': '12-12, Hakdong-ro 55-gil, Gangnam-gu, Seoul', 'zipNo': '06065', 'admCd': '1168010400', 'detBdNmList': '', 'bdNm': '', 'siNm': '서울특별시', 'sggNm': '강남구', 'emdNm': '청담동', 'liNm': '', 'rn': '학동로55길', 'buldMnnm': '12', 'buldSlno': '12', 'zone2_1': '서울 강남', 'zone2_2': '03. 청담동/강남구청역', 'map_1': '서울 강남지역', 'map_2': 'g. 학동사거리-강남구청역'}","{'review': '박무현 셰프의 컨템포러리한 프렌치 레스토랑. 계절에 따라 다른 테마로 준비되는 다양한 요리를 정교한 플레이팅으로 내어 준다. 탁 트인 오픈 키친과 모던한 인테리어가 돋보이며, 다이닝룸이 내려다보이는 프라이빗한 룸도 갖추고 있다.', 'reviewSimple': '박무현 셰프의 컨템포러리한 프렌치 레스토랑. 계절에 따라 다른 테마로 준비되는 다양한 요리를 정교한 플레이팅으로 내어 준다. 탁 트인 오픈 키친과 모던한 인테리어가 돋보이며, 다이닝룸이 내려다보이는 프라이빗한 룸도 갖추고 있다.', 'readerAppraisal': '', 'readerReview': '', 'businessReview': '', 'editorReview': ''}","{'interior': '', 'seat': '', 'room': '', 'toilet': None, 'toiletEtc': '', 'chain': False, 'close': False, 'renewal': False, 'appYn': False, 'projectNo': '', 'reviewerRecommend': False, 'onlySiteView': False, 'head': '', 'branch': '', 'history': '', 'mainMemo': '240906_전화번호 수정\r\n230908_메뉴 수정\r\n211012_가격 수정'}","['컨템포러리', '프랑스식']","{'self': {'href': 'http://www.bluer.co.kr/api/v1/restaurants/29243'}, 'restaurant': {'href': 'http://www.bluer.co.kr/api/v1/restaurants/29243{?projection}', 'templated': True}, 'childrenRestaurants': {'href': 'http://www.bluer.co.kr/api/v1/restaurants/29243/childrenRestaurants{?projection}', 'templated': True}, 'evaluates': {'href': 'http://www.bluer.co.kr/api/v1/restaurants/29243/evaluates'}, 'relativeBusinessOrder': {'href': 'http://www.bluer.co.kr/api/v1/restaurants/29243/relativeBusinessOrder'}, 'parentRestaurant': {'href': 'http://www.bluer.co.kr/api/v1/restaurants/29243/parentRestaurant{?projection}', 'templated': True}, 'reports': {'href': 'http://www.bluer.co.kr/api/v1/restaurants/29243/reports'}, 'relativeWriter': {'href': 'http://www.bluer.co.kr/api/v1/restaurants/29243/relativeWriter'}, 'restaurantFeatures': {'href': 'http://www.bluer.co.kr/api/v1/restaurants/29243/restaurantFeatures'}, 'foodTypeCategories': {'href': 'http://www.bluer.co.kr/api/v1/restaurants/29243/foodTypeCategories'}}"
"{'nameKR': '고료리켄', 'nameEN': '', 'nameCN': '小料理健', 'nickname': '고료리 켄', 'year': '2025', 'bookYear': '2025', 'ribbonType': 'RIBBON_THREE', 'ribbonTypeByOrdinal': 0}","{'chefName': '김건', 'website': '', 'websiteInstagram': '', 'websiteFacebook': '', 'phone': '02-511-7809', 'openHours': '18:00', 'closeHours': '23:00', 'openHoursWeekend': '', 'closeHoursWeekend': '', 'dayOff': '일, 월요일 휴무', 'app2Yn': False}","{'storeType': 'NOT', 'parking': '발레 파킹', 'creditCard': '', 'visit': '도산공원 정문 맞은편. 오페라갤러리 옆 골목', 'menu': '오마카세코스(25만원)', 'priceRange': '15~25만원대', 'openDate': '201705', 'businessHours': '18:00~22:00 ', 'openEra': '', 'newOpenDate': '2017년 05월 '}","{'detailAddress': '2층', 'roadAddrPart1': '서울특별시 강남구 언주로152길 15-3', 'roadAddrPart2': '(신사동)', 'jibunAddr': '서울특별시 강남구 신사동 631-28', 'engAddr': '15-3, Eonju-ro 152-gil, Gangnam-gu, Seoul', 'zipNo': '06021', 'admCd': '1168010700', 'detBdNmList': '', 'bdNm': '', 'siNm': '서울특별시', 'sggNm': '강남구', 'emdNm': '신사동', 'liNm': '', 'rn': '언주로174길', 'buldMnnm': '15', 'buldSlno': '3', 'zone2_1': '서울 강남', 'zone2_2': '02. 압구정동/도산공원', 'map_1': '서울 강남지역', 'map_2': 'd. 언주로-도산공원-로데오거리'}","{'review': '김건 셰프가 내는 컨템포러리 재패니즈 퀴진. 신선한 제철 식재료를 사용해 만든 요리를 코스로 낸다. 일식에 프렌치 또는 이탈리안 터치가 가미된 스타일의 오마카세를 맛볼 수 있다.', 'reviewSimple': '김건 셰프가 내는 컨템포러리 재패니즈 퀴진. 신선한 제철 식재료를 사용해 만든 요리를 코스로 낸다. 일식에 프렌치 또는 이탈리안 터치가 가미된 스타일의 오마카세를 맛볼 수 있다.', 'readerAppraisal': '', 'readerReview': '', 'businessReview': '', 'editorReview': ''}","{'interior': '', 'seat': '', 'room': '', 'toilet': None, 'toiletEtc': '', 'chain': False, 'close': False, 'renewal': False, 'appYn': False, 'projectNo': '', 'reviewerRecommend': False, 'onlySiteView': False, 'head': '', 'branch': '', 'history': '', 'mainMemo': '240703_가격 수정\r\n220629_메뉴가격 수정\r\n210831_""압구정동에서 도산공원 부근으로 이전하면서 "" 리뷰 삭제 \r\n190825_7월에 도산공원 부근으로 이전: 서울특별시 강남구 언주로174길 30 -->서울 강남구 언주로152길 15-3\r\n190202_1월 31일자로 폐점'}","['모던재패니즈', '컨템포러리']","{'self': {'href': 'http://www.bluer.co.kr/api/v1/restaurants/29206'}, 'restaurant': {'href': 'http://www.bluer.co.kr/api/v1/restaurants/29206{?projection}', 'templated': True}, 'childrenRestaurants': {'href': 'http://www.bluer.co.kr/api/v1/restaurants/29206/childrenRestaurants{?projection}', 'templated': True}, 'evaluates': {'href': 'http://www.bluer.co.kr/api/v1/restaurants/29206/evaluates'}, 'relativeBusinessOrder': {'href': 'http://www.bluer.co.kr/api/v1/restaurants/29206/relativeBusinessOrder'}, 'parentRestaurant': {'href': 'http://www.bluer.co.kr/api/v1/restaurants/29206/parentRestaurant{?projection}', 'templated': True}, 'reports': {'href': 'http://www.bluer.co.kr/api/v1/restaurants/29206/reports'}, 'relativeWriter': {'href': 'http://www.bluer.co.kr/api/v1/restaurants/29206/relativeWriter'}, 'restaurantFeatures': {'href': 'http://www.bluer.co.kr/api/v1/restaurants/29206/restaurantFeatures'}, 'foodTypeCategories': {'href': 'http://www.bluer.co.kr/api/v1/restaurants/29206/foodTypeCategories'}}"
"{'nameKR': '본앤브레드', 'nameEN': 'BORN&BRED', 'nameCN': '', 'nickname': '', 'year': '2025', 'bookYear': '2025', 'ribbonType': 'RIBBON_THREE', 'ribbonTypeByOrdinal': 0}","{'chefName': '', 'website': 'http://www.bandb.co.kr/', 'websiteInstagram': 'https://www.instagram.com/bornandbredkorea', 'websiteFacebook': '', 'phone': '02-2294-5005', 'openHours': '', 'closeHours': '', 'openHoursWeekend': '', 'closeHoursWeekend': '', 'dayOff': '화요일 휴무', 'app2Yn': True}","{'storeType': 'NOT', 'parking': '발레 파킹', 'creditCard': 'y', 'visit': '', 'menu': '3층프라이빗룸(런치 20만원, 디너 25만원), 2층캐주얼다이닝(한우모둠 200g 10만원, 300g 13만원), 지하1층맡김차림(38만원), 샤부맡김차림(2인 500g 9만9천원, 4인 1kg 19만8천원)', 'priceRange': '15~25만원대', 'openDate': '20180320', 'businessHours': '12:00~15:00/18:00~22:15(마지막 주문 21:15) ', 'openEra': '', 'newOpenDate': '2018년 03월 20일'}","{'detailAddress': '', 'roadAddrPart1': '서울특별시 성동구 마장로42길 1', 'roadAddrPart2': '(마장동)', 'jibunAddr': '서울특별시 성동구 마장동 781-15 새림약국', 'engAddr': '1, Majang-ro 42-gil, Seongdong-gu, Seoul', 'zipNo': '04757', 'admCd': '1120010500', 'detBdNmList': '', 'bdNm': '새림약국', 'siNm': '서울특별시', 'sggNm': '성동구', 'emdNm': '마장동', 'liNm': '', 'rn': '마장로37길', 'buldMnnm': '1', 'buldSlno': '0', 'zone2_1': '서울 강북', 'zone2_2': '29. 왕십리/마장동/장안동', 'map_1': '서울 강북지역', 'map_2': 'Y. 마장동-왕십리'}","{'review': '마장동 우시장 부근에 자리한 고급 부티크 정육점. 한우오마카세의 열풍을 일으킨 주역이다. 품질이 보장되는 소고기구이를 맛볼 수 있다. 1층과 2층은 캐주얼 다이닝으로 일반 고깃집처럼 운영되며, 3층에서는 프라이빗한 오마카세를 즐길 수 있다. 지하 1층은 소수 인원의 예약제로만 운영된다.', 'reviewSimple': '마장동 우시장 부근에 자리한 고급 부티크 정육점. 한우오마카세의 열풍을 일으킨 주역이다. 품질이 보장되는 소고기구이를 맛볼 수 있다. 1층과 2층은 캐주얼 다이닝으로 일반 고깃집처럼 운영되며, 3층에서는 프라이빗한 오마카세를 즐길 수 있다. 지하 1층은 소수 인원의 예약제로만 운영된다.', 'readerAppraisal': '', 'readerReview': '', 'businessReview': '', 'editorReview': ''}","{'interior': '', 'seat': '', 'room': '', 'toilet': None, 'toiletEtc': '', 'chain': False, 'close': False, 'renewal': False, 'appYn': False, 'projectNo': '6', 'reviewerRecommend': False, 'onlySiteView': False, 'head': '', 'branch': '', 'history': '191201_2021년판에 리본 두 개', 'mainMemo': '240708_영업시간 수정, 가격 수정, 메뉴 수정\r\n230908_주차 정보 추가, 메뉴 수정\r\n211104_오픈연월일 수정_201504-->20180320\r\n210715_메뉴 정보 수정, 영업시간, 휴무일 수정, 리뷰 수정: ""최근 전용 건물로 이전하여 3층에서 보다 많은 손님들이 즐길 수 있게 되었다."" > ""3층에서는 프라이빗한 오마카세를 즐길 수 있다.""\r\n191201_이전 서울특별시 성동구 마장동 761-11 --> 마장동 781-15, 2019년 7월부터 3층 오픈'}","['한우오마카세', '소고기구이']","{'self': {'href': 'http://www.bluer.co.kr/api/v1/restaurants/28236'}, 'restaurant': {'href': 'http://www.bluer.co.kr/api/v1/restaurants/28236{?projection}', 'templated': True}, 'childrenRestaurants': {'href': 'http://www.bluer.co.kr/api/v1/restaurants/28236/childrenRestaurants{?projection}', 'templated': True}, 'evaluates': {'href': 'http://www.bluer.co.kr/api/v1/restaurants/28236/evaluates'}, 'relativeBusinessOrder': {'href': 'http://www.bluer.co.kr/api/v1/restaurants/28236/relativeBusinessOrder'}, 'parentRestaurant': {'href': 'http://www.bluer.co.kr/api/v1/restaurants/28236/parentRestaurant{?projection}', 'templated': True}, 'reports': {'href': 'http://www.bluer.co.kr/api/v1/restaurants/28236/reports'}, 'relativeWriter': {'href': 'http://www.bluer.co.kr/api/v1/restaurants/28236/relativeWriter'}, 'restaurantFeatures': {'href': 'http://www.bluer.co.kr/api/v1/restaurants/28236/restaurantFeatures'}, 'foodTypeCategories': {'href': 'http://www.bluer.co.kr/api/v1/restaurants/28236/foodTypeCategories'}}"
"{'nameKR': '알라프리마', 'nameEN': 'alla prima', 'nameCN': '', 'nickname': '', 'year': '2025', 'bookYear': '2025', 'ribbonType': 'RIBBON_THREE', 'ribbonTypeByOrdinal': 0}","{'chefName': '김진혁', 'website': 'https://allaprima.co.kr/', 'websiteInstagram': 'https://www.instagram.com/restaurant_allaprima/', 'websiteFacebook': '', 'phone': '02-511-2555 ', 'openHours': '', 'closeHours': '', 'openHoursWeekend': '', 'closeHoursWeekend': '', 'dayOff': '화요일, 명절 휴무', 'app2Yn': False}","{'storeType': 'NOT', 'parking': '발레 파킹', 'creditCard': 'y', 'visit': '논현역 7번 출구에서 첫 번째 골목으로 우회전 후 학동역 방향으로 직진하면 좌측', 'menu': '런치코스(19만원), 디너코스(31만원)', 'priceRange': '25만원 이상', 'openDate': '201507', 'businessHours': '12:00~15:00/18:00~22:00 ', 'openEra': '', 'newOpenDate': '2015년 07월 '}","{'detailAddress': '', 'roadAddrPart1': '서울특별시 강남구 학동로17길 13', 'roadAddrPart2': '(논현동)', 'jibunAddr': '서울특별시 강남구 논현동 42-6 인본', 'engAddr': '13, Hakdong-ro 17-gil, Gangnam-gu, Seoul', 'zipNo': '06045', 'admCd': '1168010800', 'detBdNmList': '', 'bdNm': '인본', 'siNm': '서울특별시', 'sggNm': '강남구', 'emdNm': '논현동', 'liNm': '', 'rn': '학동로17길', 'buldMnnm': '13', 'buldSlno': '0', 'zone2_1': '서울 강남', 'zone2_2': '04. 논현동', 'map_1': '서울 강남지역', 'map_2': 'ℓ. 논현역-교보타워사거리'}","{'review': '재패니즈의 영향을 받은 컨템포러리 유로피안 레스토랑으로, 김진혁 셰프가 주방을 맡고 있다. 테이스팅 메뉴로 이루어진 코스는 수시로 구성이 바뀌어 셰프의 감각을 엿볼 수 있다. 블랙톤의 세련된 인테리어에 널찍한 공간이 쾌적한 느낌을 준다.', 'reviewSimple': '재패니즈의 영향을 받은 컨템포러리 유로피안 레스토랑으로, 김진혁 셰프가 주방을 맡고 있다. 테이스팅 메뉴로 이루어진 코스는 수시로 구성이 바뀌어 셰프의 감각을 엿볼 수 있다. 블랙톤의 세련된 인테리어에 널찍한 공간이 쾌적한 느낌을 준다.', 'readerAppraisal': '“파인다이닝 입문집이였는데 생각한 대로 정말 좋은 경험이었습니다.”', 'readerReview': '', 'businessReview': '', 'editorReview': ''}","{'interior': '', 'seat': '', 'room': '', 'toilet': None, 'toiletEtc': '', 'chain': False, 'close': False, 'renewal': False, 'appYn': False, 'projectNo': '', 'reviewerRecommend': False, 'onlySiteView': False, 'head': '', 'branch': '', 'history': '', 'mainMemo': '240909_영업시간 변경\r\n240708_가격 수정\r\n230908_영업시간 변경, 메뉴 수정, 주차 정보 추가\r\n210715_웹사이트 입력, 메뉴 가격 수정\r\n200617_메뉴 가격 수정, 리뷰 추가 ""방문전 예약 필수""\r\n170703_주소 이전: 서울특별시 강남구 논현동 67-11 > 논현동 42-6. gps/찾아가기 수정'}",['컨템포러리'],"{'self': {'href': 'http://www.bluer.co.kr/api/v1/restaurants/28229'}, 'restaurant': {'href': 'http://www.bluer.co.kr/api/v1/restaurants/28229{?projection}', 'templated': True}, 'childrenRestaurants': {'href': 'http://www.bluer.co.kr/api/v1/restaurants/28229/childrenRestaurants{?projection}', 'templated': True}, 'evaluates': {'href': 'http://www.bluer.co.kr/api/v1/restaurants/28229/evaluates'}, 'relativeBusinessOrder': {'href': 'http://www.bluer.co.kr/api/v1/restaurants/28229/relativeBusinessOrder'}, 'parentRestaurant': {'href': 'http://www.bluer.co.kr/api/v1/restaurants/28229/parentRestaurant{?projection}', 'templated': True}, 'reports': {'href': 'http://www.bluer.co.kr/api/v1/restaurants/28229/reports'}, 'relativeWriter': {'href': 'http://www.bluer.co.kr/api/v1/restaurants/28229/relativeWriter'}, 'restaurantFeatures': {'href': 'http://www.bluer.co.kr/api/v1/restaurants/28229/restaurantFeatures'}, 'foodTypeCategories': {'href': 'http://www.bluer.co.kr/api/v1/restaurants/28229/foodTypeCategories'}}"
"{'nameKR': '권숙수', 'nameEN': 'KOREAN DINING KWONSOOKSOO', 'nameCN': '', 'nickname': '', 'year': '2025', 'bookYear': '2025', 'ribbonType': 'RIBBON_THREE', 'ribbonTypeByOrdinal': 0}","{'chefName': '권우중', 'website': 'http://kwonsooksoo.com', 'websiteInstagram': 'https://www.instagram.com/kwonsooksoo/', 'websiteFacebook': '', 'phone': '02-542-6268 ', 'openHours': '', 'closeHours': '', 'openHoursWeekend': '', 'closeHoursWeekend': '', 'dayOff': '일, 월요일, 명절 휴무', 'app2Yn': False}","{'storeType': 'NOT', 'parking': '발레 파킹', 'creditCard': 'y', 'visit': '청담사거리에서 학동사거리 방향으로 직진. 순수도산점에서 우회전하면 우측', 'menu': '점심상(21만원, 주말&공휴일 22만5천원), 저녁미식상(34만원)', 'priceRange': '25만원 이상', 'openDate': '20150701', 'businessHours': '12:00~15:00/18:00~22:00(마지막 주문 20:30) ', 'openEra': '', 'newOpenDate': '2015년 07월 01일'}","{'detailAddress': '이에스빌딩 4층', 'roadAddrPart1': '서울특별시 강남구 압구정로80길 37', 'roadAddrPart2': '(청담동)', 'jibunAddr': '서울특별시 강남구 청담동 92-18 이에스빌딩', 'engAddr': '37, Apgujeong-ro 80-gil, Gangnam-gu, Seoul', 'zipNo': '06016', 'admCd': '1168010400', 'detBdNmList': '', 'bdNm': '이에스빌딩', 'siNm': '서울특별시', 'sggNm': '강남구', 'emdNm': '청담동', 'liNm': '', 'rn': '압구정로80길', 'buldMnnm': '37', 'buldSlno': '0', 'zone2_1': '서울 강남', 'zone2_2': '03. 청담동/강남구청역', 'map_1': '서울 강남지역', 'map_2': 'e. 압구정로데오-청담사거리'}","{'review': '한식을 양식의 형식으로 풀어낸 모던한식 스타일을 선보이는 권우중 셰프의 한식당. 직접 담근 장과 김치, 식초를 사용하여 모던하면서도 한식 전통의 맛을 잘 살리고 있다는 평을 받고 있다. 전통적인 1인 독상을 구현한 점도 독특하다. 여러 종류의 김치로 구성된 김치 카트를 선보이는 등 끊임없이 새로운 모습을 보여준다.', 'reviewSimple': '한식을 양식의 형식으로 풀어낸 모던한식 스타일을 선보이는 권우중 셰프의 한식당. 직접 담근 장과 김치, 식초를 사용하여 모던하면서도 한식 전통의 맛을 잘 살리고 있다는 평을 받고 있다. 전통적인 1인 독상을 구현한 점도 독특하다. 여러 종류의 김치로 구성된 김치 카트를 선보이는 등 끊임없이 새로운 모습을 보여준다.', 'readerAppraisal': '“훌륭하고 건강한 음식들. 두 차례 밖에 가보지 못했지만 참 좋은 정감있는 곳.” “너무 맛있게 잘 먹고 왔어요. 다음에 또 올게요. 진짜 이곳은 사랑이네요.” “훌륭하고 맛있는 음식이 인상적이었습니다.” “런치 코스를 먹었는데 코스에 나오는 요리 전부 다 정갈하니 깔끔한 맛이 나서 좋았어요.”', 'readerReview': '', 'businessReview': '', 'editorReview': ''}","{'interior': '', 'seat': '', 'room': '', 'toilet': None, 'toiletEtc': '', 'chain': False, 'close': False, 'renewal': False, 'appYn': False, 'projectNo': '', 'reviewerRecommend': False, 'onlySiteView': False, 'head': '', 'branch': '', 'history': '', 'mainMemo': '240909_가격 수정\r\n240709_가격 수정\r\n230908_메뉴 수정\r\n210715_메뉴 가격 수정\r\n200617_메뉴 가격 수정\r\n180627_주소 이전: 신사동 643-18 > 청담동 92-18. 관련 정보 업데이트함'}",['모던한식'],"{'self': {'href': 'http://www.bluer.co.kr/api/v1/restaurants/28167'}, 'restaurant': {'href': 'http://www.bluer.co.kr/api/v1/restaurants/28167{?projection}', 'templated': True}, 'childrenRestaurants': {'href': 'http://www.bluer.co.kr/api/v1/restaurants/28167/childrenRestaurants{?projection}', 'templated': True}, 'evaluates': {'href': 'http://www.bluer.co.kr/api/v1/restaurants/28167/evaluates'}, 'relativeBusinessOrder': {'href': 'http://www.bluer.co.kr/api/v1/restaurants/28167/relativeBusinessOrder'}, 'parentRestaurant': {'href': 'http://www.bluer.co.kr/api/v1/restaurants/28167/parentRestaurant{?projection}', 'templated': True}, 'reports': {'href': 'http://www.bluer.co.kr/api/v1/restaurants/28167/reports'}, 'relativeWriter': {'href': 'http://www.bluer.co.kr/api/v1/restaurants/28167/relativeWriter'}, 'restaurantFeatures': {'href': 'http://www.bluer.co.kr/api/v1/restaurants/28167/restaurantFeatures'}, 'foodTypeCategories': {'href': 'http://www.bluer.co.kr/api/v1/restaurants/28167/foodTypeCategories'}}"
"{'nameKR': '제로컴플렉스', 'nameEN': 'Zero Complex', 'nameCN': '', 'nickname': '제로콤플렉스, 제컴', 'year': '2025', 'bookYear': '2025', 'ribbonType': 'RIBBON_THREE', 'ribbonTypeByOrdinal': 0}","{'chefName': '이충후', 'website': '', 'websiteInstagram': 'https://www.instagram.com/zerocomplex_seoul', 'websiteFacebook': '', 'phone': '02-532-0876', 'openHours': '', 'closeHours': '', 'openHoursWeekend': '', 'closeHoursWeekend': '', 'dayOff': '월요일 휴무', 'app2Yn': False}","{'storeType': 'NOT', 'parking': '발레 파킹', 'creditCard': 'y', 'visit': '', 'menu': '런치코스(19만원), 디너코스(27만원)', 'priceRange': '25만원 이상', 'openDate': '201307', 'businessHours': '12:00~15:30(마지막 주문 13:00)/18:00~22:30(마지막 주문 19:30) ', 'openEra': '', 'newOpenDate': '2013년 07월 '}","{'detailAddress': '', 'roadAddrPart1': '서울특별시 용산구 서빙고로59길 11-8', 'roadAddrPart2': ' (서빙고동)', 'jibunAddr': '서울특별시 용산구 서빙고동 205-2', 'engAddr': '11-8 Seobinggo-ro 59-gil, Yongsan-gu, Seoul', 'zipNo': '04384', 'admCd': '1117013300', 'detBdNmList': '4호선', 'bdNm': '', 'siNm': '서울특별시', 'sggNm': '용산구', 'emdNm': '서빙고동', 'liNm': '', 'rn': '퇴계로', 'buldMnnm': '11', 'buldSlno': '8', 'zone2_1': '서울 강북', 'zone2_2': '23. 이촌동/서빙고', 'map_1': '서울 강북지역', 'map_2': 'S. 남영동-신용산-이촌동'}","{'review': '네오비스트로를 표방하는 곳으로, 이충후 셰프의 크리에이티브한 프렌치 코스를 맛볼 수 있다. 미니멀한 인테리어에, 허브와 특수 채소를 많이 사용하여 아름다운 플레이팅을 만드는 것이 특징이다. 2023년 6월 서빙고로 이전하여 새로운 모습을 선보인다.', 'reviewSimple': '네오비스트로를 표방하는 곳으로, 이충후 셰프의 크리에이티브한 프렌치 코스를 맛볼 수 있다. 미니멀한 인테리어에, 허브와 특수 채소를 많이 사용하여 아름다운 플레이팅을 만드는 것이 특징이다. 2023년 6월 서빙고로 이전하여 새로운 모습을 선보인다.', 'readerAppraisal': '“우리나라에서는 흔치 않은 스타일의 레스토랑. 고기 없이도 최상급 코스를 풀어낼 수 있는 곳. 우리나라에서 한 손에 꼽을 곳이라 생각함.” “매우 창의적이고 개성 넘치는, 그러면서도 완성도 높은 퀄리티의 음식을 내놓는 식당입니다.”', 'readerReview': '', 'businessReview': '', 'editorReview': ''}","{'interior': '', 'seat': '', 'room': '', 'toilet': None, 'toiletEtc': '', 'chain': False, 'close': False, 'renewal': False, 'appYn': False, 'projectNo': '', 'reviewerRecommend': False, 'onlySiteView': False, 'head': '', 'branch': '', 'history': '210821_파리를 대표하는 네오 비스트로 샤토브리앙에서 일했던 이충후 셰프가 운영하는 곳', 'mainMemo': '240702_메뉴 가격, 마지막 주문 수정\r\n230908_휴무일 수정, 주차 정보 추가\r\n230620_이전: 서울특별시 중구 퇴계로6가길 30 --> 서울 용산구 서빙고로59길 11-8\r\n230522_6월 11일까지 현재 자리에서 영업하고 6월 18일부터 새로운 장소에서 영업 시작\r\n210723_주소 수정: 서울특별시 중구 퇴계로 지하 54 > 서울 중구 퇴계로6가길 30, 휴무일 수정, 웹사이트 입력\r\n200707_영업시간수정\r\n190801_웹사이트 변경: https://www.facebook.com/Zerocomplexby00000000000000>https://catchtable.co.kr/zerocomplex\r\n               _""최근 서래마을에서 남창동으로 이전했다."" 리뷰 삭제\r\n180626_주소 이전: 방배동 1-138 > 중구 남창동 194 (관련 정보 업데이트함)'}","['컨템포러리', '프랑스식']","{'self': {'href': 'http://www.bluer.co.kr/api/v1/restaurants/26017'}, 'restaurant': {'href': 'http://www.bluer.co.kr/api/v1/restaurants/26017{?projection}', 'templated': True}, 'childrenRestaurants': {'href': 'http://www.bluer.co.kr/api/v1/restaurants/26017/childrenRestaurants{?projection}', 'templated': True}, 'evaluates': {'href': 'http://www.bluer.co.kr/api/v1/restaurants/26017/evaluates'}, 'relativeBusinessOrder': {'href': 'http://www.bluer.co.kr/api/v1/restaurants/26017/relativeBusinessOrder'}, 'parentRestaurant': {'href': 'http://www.bluer.co.kr/api/v1/restaurants/26017/parentRestaurant{?projection}', 'templated': True}, 'reports': {'href': 'http://www.bluer.co.kr/api/v1/restaurants/26017/reports'}, 'relativeWriter': {'href': 'http://www.bluer.co.kr/api/v1/restaurants/26017/relativeWriter'}, 'restaurantFeatures': {'href': 'http://www.bluer.co.kr/api/v1/restaurants/26017/restaurantFeatures'}, 'foodTypeCategories': {'href': 'http://www.bluer.co.kr/api/v1/restaurants/26017/foodTypeCategories'}}"
"{'nameKR': '테이블포포', 'nameEN': 'Table For Four', 'nameCN': '', 'nickname': '', 'year': '2025', 'bookYear': '2025', 'ribbonType': 'RIBBON_THREE', 'ribbonTypeByOrdinal': 0}","{'chefName': '김성운', 'website': 'http://tablefor4.fordining.kr/', 'websiteInstagram': 'https://www.instagram.com/table_for_four_/)', 'websiteFacebook': '', 'phone': '02-3478-0717', 'openHours': '', 'closeHours': '', 'openHoursWeekend': '', 'closeHoursWeekend': '', 'dayOff': '명절 당일 휴무', 'app2Yn': False}","{'storeType': 'NOT', 'parking': '발레 파킹', 'creditCard': 'y', 'visit': '고속터미널역에서 이수교차로 방향으로 약 1km 직진. 장원빌라트 아파트에서 좌회전하면 좌측', 'menu': '런치코스(8만원), 디너코스(15만원)', 'priceRange': '15~25만원대', 'openDate': '2014', 'businessHours': '12:00~15:00/18:00~22:00 ', 'openEra': '', 'newOpenDate': '2014년 '}","{'detailAddress': '명빌딩 2층', 'roadAddrPart1': '서울특별시 서초구 사평대로14길 11', 'roadAddrPart2': '(반포동)', 'jibunAddr': '서울특별시 서초구 반포동 110-1 명빌딩', 'engAddr': '11, Sapyeong-daero 14-gil, Seocho-gu, Seoul', 'zipNo': '06575', 'admCd': '1165010700', 'detBdNmList': '', 'bdNm': '명빌딩', 'siNm': '서울특별시', 'sggNm': '서초구', 'emdNm': '반포동', 'liNm': '', 'rn': '사평대로14길', 'buldMnnm': '11', 'buldSlno': '0', 'zone2_1': '서울 강남', 'zone2_2': '13. 서래마을', 'map_1': '서울 강남지역', 'map_2': 'r-2. 서래마을'}","{'review': '부띠끄 블루밍에서 많은 사랑을 받았던 김성운 셰프의 레스토랑으로 이탈리안에 기반한 컨템포러리 퀴진을 선보인다. 김성운 셰프의 고향인 태안에서 가져오는 고품질의 신선한 해산물과 농산물을 사용하여 로컬&팜투테이블을 실현하고 있다. 아기자기하면서도 화려한 플레이팅이 시각적인 즐거움을 더한다.', 'reviewSimple': '태안 출신의 김성운 셰프가 운영하는 곳으로, 이탈리안에 기반한 섬세한 유러피언 코스 요리를 맛볼 수 있다. 태안에서 가져오는 신선한 식재료를 많이 사용하는 것이 특징. 아기자기하면서도 화려한 플레이팅이 시각적인 즐거움을 더한다.', 'readerAppraisal': '“태안에서 공수한 훌륭한 식재료로 그 본연의 맛을 잘 이끌어낸 요리를 내는 곳. 내추럴하면서도 밸런스 있는 맛이 인상적.” “다양하고 좋은 재료로 창의적인 요리를 맛볼 수 있다.”', 'readerReview': '', 'businessReview': '', 'editorReview': ''}","{'interior': '', 'seat': '', 'room': '', 'toilet': None, 'toiletEtc': '', 'chain': False, 'close': False, 'renewal': False, 'appYn': False, 'projectNo': '', 'reviewerRecommend': False, 'onlySiteView': False, 'head': '', 'branch': '', 'history': '200810_2021년판에 리본 세 개', 'mainMemo': '240913_휴무일 수정\r\n210727_메뉴 가격 수정, 가격대 수정\r\n190802_가격수정/ 웹사이트 추가: http://tablefor4.fordining.kr/\r\n180914_가격 수정, 휴무 수정\r\n160524_빌딩명추가 - 대성빌딩 2층'}",['이탈리아식'],"{'self': {'href': 'http://www.bluer.co.kr/api/v1/restaurants/20038'}, 'restaurant': {'href': 'http://www.bluer.co.kr/api/v1/restaurants/20038{?projection}', 'templated': True}, 'childrenRestaurants': {'href': 'http://www.bluer.co.kr/api/v1/restaurants/20038/childrenRestaurants{?projection}', 'templated': True}, 'evaluates': {'href': 'http://www.bluer.co.kr/api/v1/restaurants/20038/evaluates'}, 'relativeBusinessOrder': {'href': 'http://www.bluer.co.kr/api/v1/restaurants/20038/relativeBusinessOrder'}, 'parentRestaurant': {'href': 'http://www.bluer.co.kr/api/v1/restaurants/20038/parentRestaurant{?projection}', 'templated': True}, 'reports': {'href': 'http://www.bluer.co.kr/api/v1/restaurants/20038/reports'}, 'relativeWriter': {'href': 'http://www.bluer.co.kr/api/v1/restaurants/20038/relativeWriter'}, 'restaurantFeatures': {'href': 'http://www.bluer.co.kr/api/v1/restaurants/20038/restaurantFeatures'}, 'foodTypeCategories': {'href': 'http://www.bluer.co.kr/api/v1/restaurants/20038/foodTypeCategories'}}"
"{'nameKR': '파씨오네', 'nameEN': 'Passionne', 'nameCN': '', 'nickname': '파시오네,패시오네', 'year': '2025', 'bookYear': '2025', 'ribbonType': 'RIBBON_THREE', 'ribbonTypeByOrdinal': 0}","{'chefName': '이방원', 'website': '', 'websiteInstagram': '', 'websiteFacebook': '', 'phone': '02-546-7719', 'openHours': '', 'closeHours': '', 'openHoursWeekend': '', 'closeHoursWeekend': '', 'dayOff': '일요일, 명절 휴무', 'app2Yn': False}","{'storeType': 'NOT', 'parking': '발레 파킹', 'creditCard': 'y', 'visit': '학동사거리에서 도산공원교차로 방향으로 직진. CGV청담점에서 우회전 후 직진하면 좌측', 'menu': '런치코스(6만5천원), 디너코스(11만원)', 'priceRange': '10~15만원대', 'openDate': '201208', 'businessHours': '12:00~15:00(마지막 주문 13:30)/18:00~22:00(마지막 주문 20:00) | 토요일 12:00~15:30(마지막 주문 13:30)/18:00~21:30(마지막 주문 19:30) ', 'openEra': '', 'newOpenDate': '2012년 08월 '}","{'detailAddress': '2층', 'roadAddrPart1': '서울특별시 강남구 언주로164길 39', 'roadAddrPart2': '(신사동)', 'jibunAddr': '서울특별시 강남구 신사동 646-23', 'engAddr': '39, Eonju-ro 164-gil, Gangnam-gu, Seoul', 'zipNo': '06020', 'admCd': '1168010700', 'detBdNmList': '', 'bdNm': '', 'siNm': '서울특별시', 'sggNm': '강남구', 'emdNm': '신사동', 'liNm': '', 'rn': '언주로164길', 'buldMnnm': '39', 'buldSlno': '0', 'zone2_1': '서울 강남', 'zone2_2': '02. 압구정동/도산공원', 'map_1': '서울 강남지역', 'map_2': 'd. 언주로-도산공원-로데오거리'}","{'review': '프랑스에서도 손꼽히는 라르페주, 라스트랑스 등 최고급 레스토랑에서 경험을 쌓은 이방원 셰프의 모던 프렌치 레스토랑. 클래식한 프렌치 레스토랑과 차별화된 신선한 감각을 보여주고 있다. 매일 좋은 재료를 엄선해 런치, 디너 각 한 가지의 코스를 내며, 재료의 풍미를 살리는 적절한 버터, 소금의 사용이 돋보인다. 특히 채소를 다양하게 활용한 요리에 강점이 있으며, 안정적인 조리에서 나오는 기본기도 탄탄하다.', 'reviewSimple': '프랑스에서도 손꼽히는 라르페주, 라스트랑스 등 최고급 레스토랑에서 경험을 쌓은 이방원 셰프의 모던 프렌치 레스토랑. 클래식한 프렌치 레스토랑과 차별화된 신선한 감각을 보여주고 있다. 매일 좋은 재료를 엄선해 런치, 디너 각 한 가지의 코스를 내며, 재료의 풍미를 살리는 적절한 버터, 소금의 사용이 돋보인다. 특히 채소를 다양하게 활용한 요리에 강점이 있으며, 안정적인 조리에서 나오는 기본기도 탄탄하다.', 'readerAppraisal': '“전반적으로 음식이 만족스러웠다. 특별한 날 방문하기에 부족함 없는 곳.” “파인 레스토랑 비기너가 주로 찾아간다면, 그것만으로도 충분히 이곳은 매우 훌륭.” “창의적이고 맛있는 프랑스 요리를 합리적인 가격에 먹을 수 있어서 아주 좋았다.” “이방원 셰프님의 실력을 마음껏 즐길 수 있는 곳. 점심에는 이 가격에 이 정도 프렌치를 즐길 수 있는 곳이 강남에 세 곳이나 될지 모르겠다.” “이방원 셰프님의 설명을 곁들인 음식은 서울에서 가성비 최고 수준을 느끼게 해준다. 전통적이면서도 지루하지 않은 음식들은 다시 가게끔 유도한다.” “재료에 충실한 요리를 내놓는 것이 강점입니다.” “단순히 맛있는 프렌치 레스토랑이 한 곳 더 생긴 정도가 아니라 우리나라 프렌치 음식의 폭이 넓어졌다는 느낌을 받는다.”', 'readerReview': '', 'businessReview': '', 'editorReview': ''}","{'interior': '', 'seat': '', 'room': '', 'toilet': None, 'toiletEtc': '', 'chain': False, 'close': False, 'renewal': False, 'appYn': False, 'projectNo': '', 'reviewerRecommend': False, 'onlySiteView': False, 'head': '', 'branch': '', 'history': '210821_불혹의 나이에 요리 유학을 떠나 프랑스에서도 손꼽히는 라르페주, 라스트랑스 등 최고급 레스토랑에서 경험을 쌓고 돌아온 이방원 셰프', 'mainMemo': '230908_영업시간 추가, 주차 정보 추가\r\n190805_가격 수정\r\n180913_영업시간, 휴무 수정'}",['프랑스식'],"{'self': {'href': 'http://www.bluer.co.kr/api/v1/restaurants/15931'}, 'restaurant': {'href': 'http://www.bluer.co.kr/api/v1/restaurants/15931{?projection}', 'templated': True}, 'childrenRestaurants': {'href': 'http://www.bluer.co.kr/api/v1/restaurants/15931/childrenRestaurants{?projection}', 'templated': True}, 'evaluates': {'href': 'http://www.bluer.co.kr/api/v1/restaurants/15931/evaluates'}, 'relativeBusinessOrder': {'href': 'http://www.bluer.co.kr/api/v1/restaurants/15931/relativeBusinessOrder'}, 'parentRestaurant': {'href': 'http://www.bluer.co.kr/api/v1/restaurants/15931/parentRestaurant{?projection}', 'templated': True}, 'reports': {'href': 'http://www.bluer.co.kr/api/v1/restaurants/15931/reports'}, 'relativeWriter': {'href': 'http://www.bluer.co.kr/api/v1/restaurants/15931/relativeWriter'}, 'restaurantFeatures': {'href': 'http://www.bluer.co.kr/api/v1/restaurants/15931/restaurantFeatures'}, 'foodTypeCategories': {'href': 'http://www.bluer.co.kr/api/v1/restaurants/15931/foodTypeCategories'}}"
"{'nameKR': '비스트로드욘트빌', 'nameEN': 'BISTROT de YOUNTVILLE', 'nameCN': '', 'nickname': '비스트로욘트빌', 'year': '2025', 'bookYear': '2025', 'ribbonType': 'RIBBON_THREE', 'ribbonTypeByOrdinal': 0}","{'chefName': '타미리', 'website': '', 'websiteInstagram': 'https://www.instagram.com/yountvillebistro/', 'websiteFacebook': '', 'phone': '02-541-1550', 'openHours': '', 'closeHours': '', 'openHoursWeekend': '', 'closeHoursWeekend': '', 'dayOff': '월요일, 명절 휴무', 'app2Yn': False}","{'storeType': 'NOT', 'parking': '발레 파킹', 'creditCard': 'y', 'visit': '학동사거리에서 압구정로데오역 방향으로 직진. 태그호이어부티크에서 우회전 후 두 번째 골목으로 좌회전', 'menu': '런치코스(6만5천원, 9만5천원), 디너코스(11만원, 13만원)', 'priceRange': '10~15만원대', 'openDate': '2009', 'businessHours': '11:30~15:00(마지막 주문 13:30)/18:00~22:00(마지막 주문 20:00) | 토, 일요일 11:30~15:30(마지막 주문 14:00)/18:00~22:00(마지막 주문 20:00) ', 'openEra': '', 'newOpenDate': '2009년 '}","{'detailAddress': '이안빌딩 1층', 'roadAddrPart1': '서울특별시 강남구 선릉로158길 13-7', 'roadAddrPart2': '(청담동)', 'jibunAddr': '서울특별시 강남구 청담동 83-6', 'engAddr': '13-7, Seolleung-ro 158-gil, Gangnam-gu, Seoul', 'zipNo': '06014', 'admCd': '1168010400', 'detBdNmList': '', 'bdNm': '', 'siNm': '서울특별시', 'sggNm': '강남구', 'emdNm': '청담동', 'liNm': '', 'rn': '선릉로158길', 'buldMnnm': '13', 'buldSlno': '7', 'zone2_1': '서울 강남', 'zone2_2': '03. 청담동/강남구청역', 'map_1': '서울 강남지역', 'map_2': 'e. 압구정로데오-청담사거리'}","{'review': '편안한 분위기에서 와인과 프랑스 음식을 즐길 수 있는 곳. 클래식한 정통 프렌치 비스트로를 즐길 수 있다. 알라카르트 외에도 프리픽스 메뉴가 준비되어 있어 전채, 메인, 디저트에서 원하는 것을 선택해 주문할 수 있는 점이 매력적이다. 해산물 요리에 강점이 있으며 가격 대비 만족도도 뛰어나다.', 'reviewSimple': '편안한 분위기에서 와인과 프랑스 음식을 즐길 수 있는 곳. 클래식한 정통 프렌치 비스트로를 즐길 수 있다. 알라카르트 외에도 프리픽스 메뉴가 준비되어 있어 전채, 메인, 디저트에서 원하는 것을 선택해 주문할 수 있는 점이 매력적이다. 해산물 요리에 강점이 있으며 가격 대비 만족도도 뛰어나다.', 'readerAppraisal': '“작은 프랑스 마을에 온 것 처럼 예쁜 장소와 식기들, 분위기.” “합리적인 가격에 기분 좋은 분위기와 서비스. 가격 대비 아주 만족스러운 식사를 했습니다.” “콩피와 곁들여 나오는 가니시는 가히 최고다. 샤토브리앙도 언제나 한결같은 수준을 유지하는 집.” “저녁 메뉴가 아주 훌륭.” “점심 메뉴가 가격 경쟁력이 있다고 봄.” “창의적인 음식과 정갈한 분위기가 음식 맛을 돋운다.”', 'readerReview': '비스트로? 게스트로?\r\nReasonable한 가격에 너무나 맛있고, 뛰어난 요리를 맛볼수 있는곳.\r\n파리의 BIstro를 그대로 가져놓은 듯한 \r\n차분하고,분위기 있는 실내에,\r\nFrench Laundry에서 일한 Chef Tommie Lee가 선보이는\r\n오너 쉐프 비스트로!', 'businessReview': '', 'editorReview': ''}","{'interior': '클래식한 유럽풍', 'seat': '24석', 'room': '1개(6~7석)', 'toilet': 'SEX_IN', 'toiletEtc': '', 'chain': False, 'close': False, 'renewal': False, 'appYn': False, 'projectNo': '', 'reviewerRecommend': False, 'onlySiteView': False, 'head': '', 'branch': '', 'history': '', 'mainMemo': '240913_영업시간 수정(토, 일요일 브레이크 타임 수정)\r\n240712_영업시간 변경, 휴무일 변경\r\n230906_휴무일 변경\r\n210713_가격 수정(런치코스 4만5천원, 7만2천원>7만3천원~19만5천원, 디너코스 6만9천원, 8만4천원>12만5천원~25만원), 영업시간 수정(11:30~15:00(마지막 주문14:00)/18:00~22:30(마지막 주문 20:30) >11:30~15:00(마지막 주문 14:00) 18:00~22:00(마지막 주문20:00))\r\n180724_가격 수정\r\n160520_빌딩명추가 - 이안빌딩 1층'}",['프랑스식'],"{'self': {'href': 'http://www.bluer.co.kr/api/v1/restaurants/4953'}, 'restaurant': {'href': 'http://www.bluer.co.kr/api/v1/restaurants/4953{?projection}', 'templated': True}, 'childrenRestaurants': {'href': 'http://www.bluer.co.kr/api/v1/restaurants/4953/childrenRestaurants{?projection}', 'templated': True}, 'evaluates': {'href': 'http://www.bluer.co.kr/api/v1/restaurants/4953/evaluates'}, 'relativeBusinessOrder': {'href': 'http://www.bluer.co.kr/api/v1/restaurants/4953/relativeBusinessOrder'}, 'parentRestaurant': {'href': 'http://www.bluer.co.kr/api/v1/restaurants/4953/parentRestaurant{?projection}', 'templated': True}, 'reports': {'href': 'http://www.bluer.co.kr/api/v1/restaurants/4953/reports'}, 'relativeWriter': {'href': 'http://www.bluer.co.kr/api/v1/restaurants/4953/relativeWriter'}, 'restaurantFeatures': {'href': 'http://www.bluer.co.kr/api/v1/restaurants/4953/restaurantFeatures'}, 'foodTypeCategories': {'href': 'http://www.bluer.co.kr/api/v1/restaurants/4953/foodTypeCategories'}}"
"{'nameKR': '무궁화', 'nameEN': '', 'nameCN': '無窮花', 'nickname': '롯데호텔서울무궁화, 롯데호텔무궁화, 을지로무궁화', 'year': '2025', 'bookYear': '2025', 'ribbonType': 'RIBBON_THREE', 'ribbonTypeByOrdinal': 0}","{'chefName': '', 'website': 'https://www.lottehotel.com/seoul-hotel/ko/dining/restaurant-mugunghwa.html ', 'websiteInstagram': 'https://www.instagram.com/lottehotel_seoul/', 'websiteFacebook': '', 'phone': '02-317-7061', 'openHours': '', 'closeHours': '', 'openHoursWeekend': '', 'closeHoursWeekend': '', 'dayOff': '연중무휴', 'app2Yn': False}","{'storeType': 'NOT', 'parking': '발레 파킹', 'creditCard': 'y', 'visit': '소공동 서울롯데호텔 본관 38층', 'menu': '점심코스(무궁화 16만원, 금강 17만원, 태백 19만5천원, 백록 24만원), 저녁코스(태백 19만5천원, 백록 24만원, 무궁화 33만원)', 'priceRange': '15~25만원대', 'openDate': '1980', 'businessHours': '11:30~14:30/18:00~22:00(마지막 주문 13:30, 20:30) ', 'openEra': '', 'newOpenDate': '1980년 '}","{'detailAddress': '롯데호텔 본관 38층', 'roadAddrPart1': '서울특별시 중구 을지로 30', 'roadAddrPart2': '(소공동)', 'jibunAddr': '서울특별시 중구 소공동 1 롯데호텔', 'engAddr': '30, Eulji-ro, Jung-gu, Seoul', 'zipNo': '04533', 'admCd': '1114011100', 'detBdNmList': '', 'bdNm': '롯데호텔', 'siNm': '서울특별시', 'sggNm': '중구', 'emdNm': '소공동', 'liNm': '', 'rn': '을지로', 'buldMnnm': '30', 'buldSlno': '0', 'zone2_1': '서울 강북', 'zone2_2': '17. 시청/소공동/정동', 'map_1': '서울 강북지역', 'map_2': 'O. 소공동-무교동-명동'}","{'review': '모던하게 재해석한 한정식을 코스로 선보인다. 현대적인 감각의 구절판, 뜨거운 철판에 올려나오는 한우구이 등이 대표 메뉴. 한식과 어울리는 와인과 전통주, 전통차도 준비되어 있다. 무궁화 꽃을 모티브로 한 모던한 인테리어에 38층의 전망도 훌륭하다.', 'reviewSimple': '모던하게 재해석한 한정식을 코스로 선보인다. 현대적인 감각의 구절판, 뜨거운 철판에 올려나오는 한우구이 등이 대표 메뉴. 한식과 어울리는 와인과 전통주, 전통차도 준비되어 있다. 무궁화 꽃을 모티브로 한 모던한 인테리어에 38층의 전망도 훌륭하다.', 'readerAppraisal': '“멋진 뷰와 함께 한식 코스를.” “전통성을 살리면서 동시에 세련된 프레젠테이션과 슴슴한 맛으로 쉽게 질리지 않는다. 가족 모임, 외국인 접대에 좋은 곳.” “모던한 실내 분위기와 좋은 전경 속에서 전통적인 한식을 맛볼 수 있다. 서비스도 수준급이며, 와인 리스트도 나쁘지 않은 편.”', 'readerReview': '', 'businessReview': '', 'editorReview': ''}","{'interior': '', 'seat': '100석', 'room': '7개(2~30석)', 'toilet': 'SEX_IN', 'toiletEtc': '', 'chain': False, 'close': False, 'renewal': False, 'appYn': False, 'projectNo': '', 'reviewerRecommend': False, 'onlySiteView': False, 'head': '', 'branch': '', 'history': '200811_2021년판에 리본 세 개', 'mainMemo': '240712_메뉴, 가격 수정\r\n230906_메뉴 수정, 영업시간 정보 추가\r\n210713_가격 수정(점심코스 홀 7만3천원~18만5천원, 룸 9만원~18만5천원>7만3천원~19만5천원, 저녁코스 홀 12만5천원, 룸 15만원~23만원>12만5천원~25만원), 영업시간 수정(21:30>21:00)\r\n180724_메뉴 가격 수정\r\n160520_빌딩명 추가 - 롯데호텔 본관 38층'}",['모던한식'],"{'self': {'href': 'http://www.bluer.co.kr/api/v1/restaurants/4945'}, 'restaurant': {'href': 'http://www.bluer.co.kr/api/v1/restaurants/4945{?projection}', 'templated': True}, 'childrenRestaurants': {'href': 'http://www.bluer.co.kr/api/v1/restaurants/4945/childrenRestaurants{?projection}', 'templated': True}, 'evaluates': {'href': 'http://www.bluer.co.kr/api/v1/restaurants/4945/evaluates'}, 'relativeBusinessOrder': {'href': 'http://www.bluer.co.kr/api/v1/restaurants/4945/relativeBusinessOrder'}, 'parentRestaurant': {'href': 'http://www.bluer.co.kr/api/v1/restaurants/4945/parentRestaurant{?projection}', 'templated': True}, 'reports': {'href': 'http://www.bluer.co.kr/api/v1/restaurants/4945/reports'}, 'relativeWriter': {'href': 'http://www.bluer.co.kr/api/v1/restaurants/4945/relativeWriter'}, 'restaurantFeatures': {'href': 'http://www.bluer.co.kr/api/v1/restaurants/4945/restaurantFeatures'}, 'foodTypeCategories': {'href': 'http://www.bluer.co.kr/api/v1/restaurants/4945/foodTypeCategories'}}"
"{'nameKR': '정식당', 'nameEN': 'JUNGSIK', 'nameCN': '', 'nickname': '', 'year': '2025', 'bookYear': '2025', 'ribbonType': 'RIBBON_THREE', 'ribbonTypeByOrdinal': 0}","{'chefName': '임정식, 김정호', 'website': 'https://www.jungsik.kr/', 'websiteInstagram': 'https://www.instagram.com/jungsik_inc/', 'websiteFacebook': '', 'phone': '02-517-4654 ', 'openHours': '', 'closeHours': '', 'openHoursWeekend': '', 'closeHoursWeekend': '', 'dayOff': '명절 휴무', 'app2Yn': False}","{'storeType': 'NOT', 'parking': '발레 파킹', 'creditCard': 'y', 'visit': '압구정로데오역 4번 출구에서 세 번째 골목으로 좌회전 후 직진하면 좌측', 'menu': '점심코스(19만5천원), 저녁코스(29만원)', 'priceRange': '25만원 이상', 'openDate': '20090114', 'businessHours': '12:00~15:00(마지막 주문 13:15)/17:30~22:00(마지막 주문 19:15) ', 'openEra': '', 'newOpenDate': '2009년 01월 14일'}","{'detailAddress': '', 'roadAddrPart1': '서울특별시 강남구 선릉로158길 11', 'roadAddrPart2': '(청담동)', 'jibunAddr': '서울특별시 강남구 청담동 83-24', 'engAddr': '11, Seolleung-ro 158-gil, Gangnam-gu, Seoul', 'zipNo': '06014', 'admCd': '1168010400', 'detBdNmList': '', 'bdNm': '', 'siNm': '서울특별시', 'sggNm': '강남구', 'emdNm': '청담동', 'liNm': '', 'rn': '선릉로158길', 'buldMnnm': '11', 'buldSlno': '0', 'zone2_1': '서울 강남', 'zone2_2': '03. 청담동/강남구청역', 'map_1': '서울 강남지역', 'map_2': 'e. 압구정로데오-청담사거리'}","{'review': '스페인을 비롯한 세계 미식 트렌드의 영향을 많이 받아 새로운 장르를 개척한 임정식 셰프의 레스토랑으로, 뉴코리안이라는 콘셉트로 서울을 대표하는 곳 중의 하나다. 김정호 셰프가 헤드셰프를 맡고 있다. 식재료와 조리 기법, 플레이팅 모두 세계적인 수준의 요리를 즐길 수 있다.', 'reviewSimple': '스페인을 비롯한 세계 미식 트렌드의 영향을 많이 받아 새로운 장르를 개척한 임정식 셰프의 레스토랑으로, 뉴코리안이라는 콘셉트로 서울을 대표하는 곳 중의 하나다. 김정호 셰프가 헤드셰프를 맡고 있다. 식재료와 조리 기법, 플레이팅 모두 세계적인 수준의 요리를 즐길 수 있다.', 'readerAppraisal': '“세간의 평가가 이해되는 집.” “한식적인 맛에 현대적인 요소와 유러피언 퀴진을 적절히 잘 곁들이는 곳.” “프렌치를 입힌 한식의 재발견.” “의심의 여지 없는 나의 최고의 식당.” “외국인을 접대할 일이 있다면 1순위로 꼽고 싶은 곳입니다.” “한식과 프렌치의 화려한 조화를 제대로 보여주는 곳. 디너보다는 런치에 방문하는 것이 효율적.” “다른 식당에서는 절대 맛볼 수 없는 특이한 맛의 퓨전 한식.” “외국에서 가족 오면 꼭 모시고 갈 곳.” “한국 음식의 재해석이라고 할 수 있는 곳. 임정식 셰프의 창의성과 그 나름의 조화로움. 앞으로의 미래가 더 기대된다.” “다음에는 어떤 비주얼과 맛을 선사할지 기대감을 갖도록 하는 레스토랑.” ', 'readerReview': '', 'businessReview': '', 'editorReview': ''}","{'interior': '모던/스타일리시', 'seat': '50석', 'room': '2개(6, 16석)', 'toilet': 'SEX_IN', 'toiletEtc': '', 'chain': False, 'close': False, 'renewal': False, 'appYn': False, 'projectNo': '', 'reviewerRecommend': False, 'onlySiteView': False, 'head': '', 'branch': '', 'history': '191113_제1회 블루리본어워드 올해의 셰프 상', 'mainMemo': '240712_가격 수정\r\n230906_웹사이트 추가, 영업시간 변경\r\n200701_메뉴가격수정\r\n190712_웹 삭제\r\n180717_가격 변경(점심 4코스 6만 > 6만6천, 5코스 8만 > 8만8천, 8코스 15만>9코스 16만5천/ 저녁 5코스 12만>13만, 8코스 18만>9코스 20만), 운영 시간 (~22:00 > ~22:30)\r\n141020_주소 이전(서울 강남구 신사동 649-7→청담동 83-24)'}","['모던한식', '뉴코리안']","{'self': {'href': 'http://www.bluer.co.kr/api/v1/restaurants/4667'}, 'restaurant': {'href': 'http://www.bluer.co.kr/api/v1/restaurants/4667{?projection}', 'templated': True}, 'childrenRestaurants': {'href': 'http://www.bluer.co.kr/api/v1/restaurants/4667/childrenRestaurants{?projection}', 'templated': True}, 'evaluates': {'href': 'http://www.bluer.co.kr/api/v1/restaurants/4667/evaluates'}, 'relativeBusinessOrder': {'href': 'http://www.bluer.co.kr/api/v1/restaurants/4667/relativeBusinessOrder'}, 'parentRestaurant': {'href': 'http://www.bluer.co.kr/api/v1/restaurants/4667/parentRestaurant{?projection}', 'templated': True}, 'reports': {'href': 'http://www.bluer.co.kr/api/v1/restaurants/4667/reports'}, 'relativeWriter': {'href': 'http://www.bluer.co.kr/api/v1/restaurants/4667/relativeWriter'}, 'restaurantFeatures': {'href': 'http://www.bluer.co.kr/api/v1/restaurants/4667/restaurantFeatures'}, 'foodTypeCategories': {'href': 'http://www.bluer.co.kr/api/v1/restaurants/4667/foodTypeCategories'}}"
